// Created with image_to_c
// https://github.com/bitbank2/image_to_c
//
// asciimation8
// Data size = 25377 bytes
//
// for non-Arduino builds...
#ifndef PROGMEM
#define PROGMEM
#endif
const uint8_t asciimation8[] PROGMEM = {
	0x0a,0x0a,0x0a,0x0a,0x0a,0x0a,0x0a,0x0a,0x0a,0x0a,0x0a,0x0a,0x0a,0x0a,0x0a,0x0a,
	0x0a,0x03,0x17,0x20,0x57,0x57,0x57,0x2e,0x41,0x53,0x43,0x49,0x49,0x4d,0x41,0x54,
	0x49,0x4f,0x4e,0x2e,0x43,0x4f,0x2e,0x4e,0x5a,0x0a,0x0a,0x0a,0x03,0x1d,0x20,0x70,
	0x72,0x65,0x73,0x65,0x6e,0x74,0x73,0x0a,0x0a,0x0a,0x0a,0x0a,0x0a,0x0a,0x0a,0x0a,
	0x0a,0x0a,0x0a,0x0a,0x0a,0x0a,0x0a,0x0a,0x0a,0x0a,0x0b,0x03,0x0a,0x2e,0x12,0x03,
	0x05,0x40,0x0b,0x03,0x05,0x40,0x03,0x07,0x2e,0x0a,0x0c,0x03,0x09,0x2e,0x11,0x40,
	0x0c,0x40,0x04,0x40,0x0c,0x40,0x03,0x07,0x2e,0x0a,0x0d,0x03,0x08,0x2e,0x03,0x0d,
	0x20,0x40,0x40,0x40,0x09,0x40,0x0c,0x40,0x03,0x08,0x2e,0x0a,0x0e,0x03,0x07,0x2e,
	0x12,0x40,0x40,0x0d,0x40,0x0c,0x40,0x04,0x03,0x07,0x2e,0x0a,0x0f,0x03,0x06,0x2e,
	0x11,0x03,0x07,0x40,0x09,0x03,0x05,0x40,0x04,0x74,0x68,0x20,0x03,0x06,0x2e,0x0a,
	0x10,0x03,0x05,0x2e,0x0f,0x03,0x17,0x2d,0x20,0x03,0x05,0x2e,0x0a,0x11,0x03,0x04,
	0x2e,0x11,0x43,0x04,0x45,0x04,0x4e,0x04,0x54,0x04,0x55,0x04,0x52,0x04,0x59,0x0c,
	0x03,0x04,0x2e,0x0a,0x12,0x2e,0x2e,0x2e,0x0f,0x03,0x17,0x2d,0x0c,0x2e,0x2e,0x2e,
	0x0a,0x13,0x2e,0x2e,0x0f,0x03,0x05,0x40,0x20,0x03,0x05,0x40,0x20,0x40,0x09,0x40,
	0x20,0x03,0x05,0x40,0x0e,0x2e,0x2e,0x0a,0x13,0x3d,0x3d,0x11,0x40,0x09,0x40,0x0d,
	0x40,0x20,0x40,0x0b,0x40,0x11,0x3d,0x3d,0x0a,0x11,0x08,0x05,0x08,0x0f,0x40,0x09,
	0x03,0x04,0x40,0x0b,0x40,0x0c,0x40,0x0f,0x08,0x05,0x08,0x0a,0x10,0x7c,0x0d,0x7c,
	0x0e,0x40,0x09,0x40,0x0d,0x40,0x20,0x40,0x0b,0x40,0x0e,0x7c,0x0d,0x7c,0x0a,0x03,
	0x09,0x5f,0x7c,0x03,0x06,0x5f,0x7c,0x03,0x05,0x5f,0x04,0x40,0x09,0x03,0x05,0x40,
	0x20,0x40,0x09,0x40,0x09,0x40,0x04,0x03,0x05,0x5f,0x7c,0x03,0x06,0x5f,0x7c,0x03,
	0x09,0x5f,0x0a,0x0c,0x03,0x0a,0x2e,0x11,0x03,0x05,0x40,0x0b,0x03,0x05,0x40,0x03,
	0x09,0x2e,0x0a,0x0d,0x03,0x09,0x2e,0x10,0x40,0x0c,0x40,0x04,0x40,0x0c,0x40,0x03,
	0x09,0x2e,0x0a,0x0e,0x03,0x08,0x2e,0x13,0x40,0x40,0x40,0x09,0x40,0x0c,0x40,0x20,
	0x03,0x09,0x2e,0x0a,0x0f,0x03,0x07,0x2e,0x11,0x40,0x40,0x0d,0x40,0x0c,0x40,0x04,
	0x03,0x09,0x2e,0x0a,0x0f,0x03,0x07,0x2e,0x10,0x03,0x07,0x40,0x09,0x03,0x05,0x40,
	0x04,0x74,0x68,0x20,0x03,0x07,0x2e,0x0a,0x10,0x03,0x05,0x2e,0x0f,0x03,0x17,0x2d,
	0x20,0x03,0x06,0x2e,0x0a,0x11,0x03,0x04,0x2e,0x11,0x43,0x04,0x45,0x04,0x4e,0x04,
	0x54,0x04,0x55,0x04,0x52,0x04,0x59,0x0c,0x03,0x04,0x2e,0x0a,0x12,0x2e,0x2e,0x2e,
	0x0f,0x03,0x17,0x2d,0x0c,0x2e,0x2e,0x2e,0x0a,0x13,0x2e,0x2e,0x0f,0x03,0x05,0x40,
	0x20,0x03,0x05,0x40,0x20,0x40,0x09,0x40,0x20,0x03,0x05,0x40,0x0e,0x2e,0x2e,0x0a,
	0x13,0x3d,0x3d,0x11,0x40,0x09,0x40,0x0d,0x40,0x20,0x40,0x0b,0x40,0x11,0x3d,0x3d,
	0x0a,0x11,0x08,0x05,0x08,0x0f,0x40,0x09,0x03,0x04,0x40,0x0b,0x40,0x0c,0x40,0x0f,
	0x08,0x05,0x08,0x0a,0x10,0x7c,0x0d,0x7c,0x0e,0x40,0x09,0x40,0x0d,0x40,0x20,0x40,
	0x0b,0x40,0x0e,0x7c,0x0d,0x7c,0x0a,0x03,0x09,0x5f,0x7c,0x03,0x06,0x5f,0x7c,0x03,
	0x05,0x5f,0x04,0x40,0x09,0x03,0x05,0x40,0x20,0x40,0x09,0x40,0x09,0x40,0x04,0x03,
	0x05,0x5f,0x7c,0x03,0x06,0x5f,0x7c,0x03,0x09,0x5f,0x0a,0x0d,0x03,0x0a,0x2e,0x10,
	0x03,0x05,0x40,0x0b,0x03,0x05,0x40,0x20,0x03,0x0a,0x2e,0x0a,0x0e,0x03,0x09,0x2e,
	0x0f,0x40,0x0c,0x40,0x04,0x40,0x0c,0x40,0x20,0x03,0x09,0x2e,0x0a,0x0f,0x03,0x08,
	0x2e,0x12,0x40,0x40,0x40,0x09,0x40,0x0c,0x40,0x04,0x03,0x09,0x2e,0x0a,0x10,0x03,
	0x07,0x2e,0x10,0x40,0x40,0x0d,0x40,0x0c,0x40,0x09,0x03,0x08,0x2e,0x0a,0x10,0x03,
	0x07,0x2e,0x0f,0x03,0x07,0x40,0x09,0x03,0x05,0x40,0x04,0x74,0x68,0x04,0x03,0x07,
	0x2e,0x0a,0x11,0x03,0x05,0x2e,0x0e,0x03,0x17,0x2d,0x20,0x03,0x07,0x2e,0x0a,0x12,
	0x03,0x04,0x2e,0x10,0x43,0x04,0x45,0x04,0x4e,0x04,0x54,0x04,0x55,0x04,0x52,0x04,
	0x59,0x0c,0x03,0x05,0x2e,0x0a,0x13,0x2e,0x2e,0x0f,0x03,0x17,0x2d,0x0c,0x03,0x04,
	0x2e,0x0a,0x13,0x2e,0x2e,0x0f,0x03,0x05,0x40,0x20,0x03,0x05,0x40,0x20,0x40,0x09,
	0x40,0x20,0x03,0x05,0x40,0x0e,0x2e,0x2e,0x0a,0x13,0x3d,0x3d,0x11,0x40,0x09,0x40,
	0x0d,0x40,0x20,0x40,0x0b,0x40,0x11,0x3d,0x3d,0x0a,0x11,0x08,0x05,0x08,0x0f,0x40,
	0x09,0x03,0x04,0x40,0x0b,0x40,0x0c,0x40,0x0f,0x08,0x05,0x08,0x0a,0x10,0x7c,0x0d,
	0x7c,0x0e,0x40,0x09,0x40,0x0d,0x40,0x20,0x40,0x0b,0x40,0x0e,0x7c,0x0d,0x7c,0x0a,
	0x03,0x09,0x5f,0x7c,0x03,0x06,0x5f,0x7c,0x03,0x05,0x5f,0x04,0x40,0x09,0x03,0x05,
	0x40,0x20,0x40,0x09,0x40,0x09,0x40,0x04,0x03,0x05,0x5f,0x7c,0x03,0x06,0x5f,0x7c,
	0x03,0x09,0x5f,0x0a,0x0f,0x03,0x0a,0x2e,0x0e,0x03,0x05,0x40,0x0b,0x03,0x05,0x40,
	0x09,0x03,0x0a,0x2e,0x0a,0x10,0x03,0x09,0x2e,0x0d,0x40,0x0c,0x40,0x04,0x40,0x0c,
	0x40,0x09,0x03,0x09,0x2e,0x0a,0x10,0x03,0x09,0x2e,0x10,0x40,0x40,0x40,0x09,0x40,
	0x0c,0x40,0x0b,0x03,0x08,0x2e,0x0a,0x11,0x03,0x07,0x2e,0x0f,0x40,0x40,0x0d,0x40,
	0x0c,0x40,0x0c,0x03,0x07,0x2e,0x0a,0x12,0x03,0x05,0x2e,0x0f,0x03,0x07,0x40,0x09,
	0x03,0x05,0x40,0x04,0x74,0x68,0x09,0x03,0x07,0x2e,0x0a,0x12,0x03,0x05,0x2e,0x0d,
	0x03,0x17,0x2d,0x04,0x03,0x06,0x2e,0x0a,0x13,0x2e,0x2e,0x2e,0x10,0x43,0x04,0x45,
	0x04,0x4e,0x04,0x54,0x04,0x55,0x04,0x52,0x04,0x59,0x0d,0x03,0x05,0x2e,0x0a,0x13,
	0x2e,0x2e,0x0f,0x03,0x17,0x2d,0x0c,0x03,0x04,0x2e,0x0a,0x13,0x2e,0x2e,0x0f,0x03,
	0x05,0x40,0x20,0x03,0x05,0x40,0x20,0x40,0x09,0x40,0x20,0x03,0x05,0x40,0x0e,0x2e,
	0x2e,0x2e,0x0a,0x13,0x3d,0x3d,0x11,0x40,0x09,0x40,0x0d,0x40,0x20,0x40,0x0b,0x40,
	0x11,0x3d,0x3d,0x0a,0x11,0x08,0x05,0x08,0x0f,0x40,0x09,0x03,0x04,0x40,0x0b,0x40,
	0x0c,0x40,0x0f,0x08,0x05,0x08,0x0a,0x10,0x7c,0x0d,0x7c,0x0e,0x40,0x09,0x40,0x0d,
	0x40,0x20,0x40,0x0b,0x40,0x0e,0x7c,0x0d,0x7c,0x0a,0x03,0x09,0x5f,0x7c,0x03,0x06,
	0x5f,0x7c,0x03,0x05,0x5f,0x04,0x40,0x09,0x03,0x05,0x40,0x20,0x40,0x09,0x40,0x09,
	0x40,0x04,0x03,0x05,0x5f,0x7c,0x03,0x06,0x5f,0x7c,0x03,0x09,0x5f,0x0a,0x11,0x03,
	0x09,0x2e,0x0d,0x03,0x05,0x40,0x0b,0x03,0x05,0x40,0x0c,0x03,0x0a,0x2e,0x0a,0x11,
	0x03,0x09,0x2e,0x0c,0x40,0x0c,0x40,0x04,0x40,0x0c,0x40,0x0c,0x03,0x09,0x2e,0x0a,
	0x11,0x03,0x09,0x2e,0x0f,0x40,0x40,0x40,0x09,0x40,0x0c,0x40,0x0d,0x03,0x08,0x2e,
	0x0a,0x12,0x03,0x07,0x2e,0x0e,0x40,0x40,0x0d,0x40,0x0c,0x40,0x0e,0x03,0x08,0x2e,
	0x0a,0x12,0x03,0x06,0x2e,0x0e,0x03,0x07,0x40,0x09,0x03,0x05,0x40,0x04,0x74,0x68,
	0x0c,0x03,0x07,0x2e,0x0a,0x12,0x03,0x05,0x2e,0x0d,0x03,0x17,0x2d,0x0b,0x03,0x06,
	0x2e,0x0a,0x13,0x2e,0x2e,0x2e,0x10,0x43,0x04,0x45,0x04,0x4e,0x04,0x54,0x04,0x55,
	0x04,0x52,0x04,0x59,0x0e,0x03,0x05,0x2e,0x0a,0x13,0x2e,0x2e,0x0f,0x03,0x17,0x2d,
	0x0e,0x2e,0x2e,0x2e,0x0a,0x13,0x2e,0x2e,0x0f,0x03,0x05,0x40,0x20,0x03,0x05,0x40,
	0x20,0x40,0x09,0x40,0x20,0x03,0x05,0x40,0x0f,0x2e,0x2e,0x0a,0x13,0x3d,0x3d,0x11,
	0x40,0x09,0x40,0x0d,0x40,0x20,0x40,0x0b,0x40,0x11,0x3d,0x3d,0x0a,0x11,0x08,0x05,
	0x08,0x0f,0x40,0x09,0x03,0x04,0x40,0x0b,0x40,0x0c,0x40,0x0f,0x08,0x05,0x08,0x0a,
	0x10,0x7c,0x0d,0x7c,0x0e,0x40,0x09,0x40,0x0d,0x40,0x20,0x40,0x0b,0x40,0x0e,0x7c,
	0x0d,0x7c,0x0a,0x03,0x09,0x5f,0x7c,0x03,0x06,0x5f,0x7c,0x03,0x05,0x5f,0x04,0x40,
	0x09,0x03,0x05,0x40,0x20,0x40,0x09,0x40,0x09,0x40,0x04,0x03,0x05,0x5f,0x7c,0x03,
	0x06,0x5f,0x7c,0x03,0x09,0x5f,0x0a,0x13,0x03,0x09,0x2e,0x0b,0x03,0x05,0x40,0x0b,
	0x03,0x05,0x40,0x0f,0x03,0x0a,0x2e,0x0a,0x13,0x03,0x09,0x2e,0x09,0x40,0x0c,0x40,
	0x04,0x40,0x0c,0x40,0x0e,0x03,0x0a,0x2e,0x0a,0x13,0x03,0x08,0x2e,0x0e,0x40,0x40,
	0x40,0x09,0x40,0x0c,0x40,0x0f,0x03,0x09,0x2e,0x0a,0x13,0x03,0x07,0x2e,0x0d,0x40,
	0x40,0x0d,0x40,0x0c,0x40,0x10,0x03,0x07,0x2e,0x0a,0x13,0x03,0x06,0x2e,0x0d,0x03,
	0x07,0x40,0x09,0x03,0x05,0x40,0x04,0x74,0x68,0x0e,0x03,0x06,0x2e,0x0a,0x13,0x03,
	0x05,0x2e,0x0c,0x03,0x17,0x2d,0x0d,0x03,0x05,0x2e,0x0a,0x13,0x03,0x04,0x2e,0x0f,
	0x43,0x04,0x45,0x04,0x4e,0x04,0x54,0x04,0x55,0x04,0x52,0x04,0x59,0x10,0x03,0x04,
	0x2e,0x0a,0x13,0x2e,0x2e,0x2e,0x0e,0x03,0x17,0x2d,0x0f,0x2e,0x2e,0x0a,0x13,0x2e,
	0x2e,0x0f,0x03,0x05,0x40,0x20,0x03,0x05,0x40,0x20,0x40,0x09,0x40,0x20,0x03,0x05,
	0x40,0x0f,0x2e,0x2e,0x0a,0x13,0x3d,0x3d,0x11,0x40,0x09,0x40,0x0d,0x40,0x20,0x40,
	0x0b,0x40,0x11,0x3d,0x3d,0x0a,0x11,0x08,0x05,0x08,0x0f,0x40,0x09,0x03,0x04,0x40,
	0x0b,0x40,0x0c,0x40,0x0f,0x08,0x05,0x08,0x0a,0x10,0x7c,0x0d,0x7c,0x0e,0x40,0x09,
	0x40,0x0d,0x40,0x20,0x40,0x0b,0x40,0x0e,0x7c,0x0d,0x7c,0x0a,0x03,0x09,0x5f,0x7c,
	0x03,0x06,0x5f,0x7c,0x03,0x05,0x5f,0x04,0x40,0x09,0x03,0x05,0x40,0x20,0x40,0x09,
	0x40,0x09,0x40,0x04,0x03,0x05,0x5f,0x7c,0x03,0x06,0x5f,0x7c,0x03,0x09,0x5f,0x0a,
	0x03,0x0e,0x20,0x03,0x0a,0x2e,0x20,0x03,0x05,0x40,0x0b,0x03,0x05,0x40,0x12,0x03,
	0x09,0x2e,0x0a,0x03,0x0e,0x20,0x03,0x09,0x2e,0x20,0x40,0x0c,0x40,0x04,0x40,0x0c,
	0x40,0x11,0x03,0x09,0x2e,0x0a,0x03,0x0d,0x20,0x03,0x09,0x2e,0x0c,0x40,0x40,0x40,
	0x09,0x40,0x0c,0x40,0x12,0x03,0x08,0x2e,0x0a,0x03,0x0d,0x20,0x03,0x07,0x2e,0x0c,
	0x40,0x40,0x0d,0x40,0x0c,0x40,0x13,0x03,0x06,0x2e,0x0a,0x03,0x0d,0x20,0x03,0x06,
	0x2e,0x0c,0x03,0x07,0x40,0x09,0x03,0x05,0x40,0x04,0x74,0x68,0x10,0x03,0x06,0x2e,
	0x0a,0x13,0x03,0x06,0x2e,0x0b,0x03,0x17,0x2d,0x0f,0x03,0x04,0x2e,0x0a,0x13,0x03,
	0x05,0x2e,0x0e,0x43,0x04,0x45,0x04,0x4e,0x04,0x54,0x04,0x55,0x04,0x52,0x04,0x59,
	0x11,0x2e,0x2e,0x2e,0x0a,0x13,0x03,0x04,0x2e,0x0d,0x03,0x17,0x2d,0x0f,0x2e,0x2e,
	0x2e,0x0a,0x13,0x2e,0x2e,0x0f,0x03,0x05,0x40,0x20,0x03,0x05,0x40,0x20,0x40,0x09,
	0x40,0x20,0x03,0x05,0x40,0x0f,0x2e,0x2e,0x0a,0x13,0x3d,0x3d,0x11,0x40,0x09,0x40,
	0x0d,0x40,0x20,0x40,0x0b,0x40,0x11,0x3d,0x3d,0x0a,0x11,0x08,0x05,0x08,0x0f,0x40,
	0x09,0x03,0x04,0x40,0x0b,0x40,0x0c,0x40,0x0f,0x08,0x05,0x08,0x0a,0x10,0x7c,0x0d,
	0x7c,0x0e,0x40,0x09,0x40,0x0d,0x40,0x20,0x40,0x0b,0x40,0x0e,0x7c,0x0d,0x7c,0x0a,
	0x03,0x09,0x5f,0x7c,0x03,0x06,0x5f,0x7c,0x03,0x05,0x5f,0x04,0x40,0x09,0x03,0x05,
	0x40,0x20,0x40,0x09,0x40,0x09,0x40,0x04,0x03,0x05,0x5f,0x7c,0x03,0x06,0x5f,0x7c,
	0x03,0x09,0x5f,0x0a,0x13,0x03,0x0a,0x2e,0x09,0x03,0x05,0x40,0x0b,0x03,0x05,0x40,
	0x03,0x0d,0x20,0x03,0x0b,0x2e,0x0a,0x13,0x03,0x09,0x2e,0x09,0x40,0x0c,0x40,0x04,
	0x40,0x0c,0x40,0x13,0x03,0x0a,0x2e,0x0a,0x13,0x03,0x08,0x2e,0x0e,0x40,0x40,0x40,
	0x09,0x40,0x0c,0x40,0x03,0x0d,0x20,0x03,0x08,0x2e,0x0a,0x13,0x03,0x07,0x2e,0x0d,
	0x40,0x40,0x0d,0x40,0x0c,0x40,0x03,0x0d,0x20,0x03,0x08,0x2e,0x0a,0x13,0x03,0x06,
	0x2e,0x0d,0x03,0x07,0x40,0x09,0x03,0x05,0x40,0x04,0x74,0x68,0x11,0x03,0x07,0x2e,
	0x0a,0x13,0x03,0x05,0x2e,0x0c,0x03,0x17,0x2d,0x0f,0x03,0x05,0x2e,0x0a,0x13,0x03,
	0x04,0x2e,0x0f,0x43,0x04,0x45,0x04,0x4e,0x04,0x54,0x04,0x55,0x04,0x52,0x04,0x59,
	0x11,0x03,0x04,0x2e,0x0a,0x13,0x2e,0x2e,0x2e,0x0e,0x03,0x17,0x2d,0x0f,0x2e,0x2e,
	0x2e,0x0a,0x13,0x2e,0x2e,0x0f,0x03,0x05,0x40,0x20,0x03,0x05,0x40,0x20,0x40,0x09,
	0x40,0x20,0x03,0x05,0x40,0x0f,0x2e,0x2e,0x0a,0x13,0x3d,0x3d,0x11,0x40,0x09,0x40,
	0x0d,0x40,0x20,0x40,0x0b,0x40,0x11,0x3d,0x3d,0x0a,0x11,0x08,0x05,0x08,0x0f,0x40,
	0x09,0x03,0x04,0x40,0x0b,0x40,0x0c,0x40,0x0f,0x08,0x05,0x08,0x0a,0x10,0x7c,0x0d,
	0x7c,0x0e,0x40,0x09,0x40,0x0d,0x40,0x20,0x40,0x0b,0x40,0x0e,0x7c,0x0d,0x7c,0x0a,
	0x03,0x09,0x5f,0x7c,0x03,0x06,0x5f,0x7c,0x03,0x05,0x5f,0x04,0x40,0x09,0x03,0x05,
	0x40,0x20,0x40,0x09,0x40,0x09,0x40,0x04,0x03,0x05,0x5f,0x7c,0x03,0x06,0x5f,0x7c,
	0x03,0x09,0x5f,0x0a,0x11,0x03,0x0b,0x2e,0x0b,0x03,0x05,0x40,0x0b,0x03,0x05,0x40,
	0x03,0x0f,0x20,0x03,0x0b,0x2e,0x0a,0x11,0x03,0x0a,0x2e,0x0b,0x40,0x0c,0x40,0x04,
	0x40,0x0c,0x40,0x03,0x0e,0x20,0x03,0x0a,0x2e,0x0a,0x11,0x03,0x09,0x2e,0x0f,0x40,
	0x40,0x40,0x09,0x40,0x0c,0x40,0x03,0x0e,0x20,0x03,0x09,0x2e,0x0a,0x12,0x03,0x08,
	0x2e,0x0d,0x40,0x40,0x0d,0x40,0x0c,0x40,0x03,0x0e,0x20,0x03,0x08,0x2e,0x0a,0x12,
	0x03,0x06,0x2e,0x0e,0x03,0x07,0x40,0x09,0x03,0x05,0x40,0x04,0x74,0x68,0x11,0x03,
	0x08,0x2e,0x0a,0x12,0x03,0x05,0x2e,0x0d,0x03,0x17,0x2d,0x0f,0x03,0x07,0x2e,0x0a,
	0x13,0x03,0x04,0x2e,0x0f,0x43,0x04,0x45,0x04,0x4e,0x04,0x54,0x04,0x55,0x04,0x52,
	0x04,0x59,0x11,0x03,0x05,0x2e,0x0a,0x13,0x2e,0x2e,0x2e,0x0e,0x03,0x17,0x2d,0x0f,
	0x03,0x04,0x2e,0x0a,0x13,0x2e,0x2e,0x0f,0x03,0x05,0x40,0x20,0x03,0x05,0x40,0x20,
	0x40,0x09,0x40,0x20,0x03,0x05,0x40,0x0f,0x2e,0x2e,0x2e,0x0a,0x13,0x3d,0x3d,0x11,
	0x40,0x09,0x40,0x0d,0x40,0x20,0x40,0x0b,0x40,0x11,0x3d,0x3d,0x0a,0x11,0x08,0x05,
	0x08,0x0f,0x40,0x09,0x03,0x04,0x40,0x0b,0x40,0x0c,0x40,0x0f,0x08,0x05,0x08,0x0a,
	0x10,0x7c,0x0d,0x7c,0x0e,0x40,0x09,0x40,0x0d,0x40,0x20,0x40,0x0b,0x40,0x0e,0x7c,
	0x0d,0x7c,0x0a,0x03,0x09,0x5f,0x7c,0x03,0x06,0x5f,0x7c,0x03,0x05,0x5f,0x04,0x40,
	0x09,0x03,0x05,0x40,0x20,0x40,0x09,0x40,0x09,0x40,0x04,0x03,0x05,0x5f,0x7c,0x03,
	0x06,0x5f,0x7c,0x03,0x09,0x5f,0x0a,0x0f,0x03,0x0b,0x2e,0x0d,0x03,0x05,0x40,0x0b,
	0x03,0x05,0x40,0x03,0x11,0x20,0x03,0x0b,0x2e,0x0a,0x0f,0x03,0x0a,0x2e,0x0d,0x40,
	0x0c,0x40,0x04,0x40,0x0c,0x40,0x03,0x10,0x20,0x03,0x0a,0x2e,0x0a,0x10,0x03,0x08,
	0x2e,0x11,0x40,0x40,0x40,0x09,0x40,0x0c,0x40,0x03,0x0f,0x20,0x03,0x0a,0x2e,0x0a,
	0x11,0x03,0x07,0x2e,0x0f,0x40,0x40,0x0d,0x40,0x0c,0x40,0x03,0x0f,0x20,0x03,0x09,
	0x2e,0x0a,0x11,0x03,0x06,0x2e,0x0f,0x03,0x07,0x40,0x09,0x03,0x05,0x40,0x04,0x74,
	0x68,0x12,0x03,0x08,0x2e,0x0a,0x12,0x03,0x05,0x2e,0x0d,0x03,0x17,0x2d,0x10,0x03,
	0x07,0x2e,0x0a,0x12,0x03,0x04,0x2e,0x10,0x43,0x04,0x45,0x04,0x4e,0x04,0x54,0x04,
	0x55,0x04,0x52,0x04,0x59,0x11,0x03,0x07,0x2e,0x0a,0x13,0x2e,0x2e,0x2e,0x0e,0x03,
	0x17,0x2d,0x0f,0x03,0x05,0x2e,0x0a,0x13,0x2e,0x2e,0x0f,0x03,0x05,0x40,0x20,0x03,
	0x05,0x40,0x20,0x40,0x09,0x40,0x20,0x03,0x05,0x40,0x0f,0x2e,0x2e,0x2e,0x0a,0x13,
	0x3d,0x3d,0x11,0x40,0x09,0x40,0x0d,0x40,0x20,0x40,0x0b,0x40,0x11,0x3d,0x3d,0x0a,
	0x11,0x08,0x05,0x08,0x0f,0x40,0x09,0x03,0x04,0x40,0x0b,0x40,0x0c,0x40,0x0f,0x08,
	0x05,0x08,0x0a,0x10,0x7c,0x0d,0x7c,0x0e,0x40,0x09,0x40,0x0d,0x40,0x20,0x40,0x0b,
	0x40,0x0e,0x7c,0x0d,0x7c,0x0a,0x03,0x09,0x5f,0x7c,0x03,0x06,0x5f,0x7c,0x03,0x05,
	0x5f,0x04,0x40,0x09,0x03,0x05,0x40,0x20,0x40,0x09,0x40,0x09,0x40,0x04,0x03,0x05,
	0x5f,0x7c,0x03,0x06,0x5f,0x7c,0x03,0x09,0x5f,0x0a,0x0d,0x03,0x0b,0x2e,0x0f,0x03,
	0x05,0x40,0x0b,0x03,0x05,0x40,0x03,0x13,0x20,0x03,0x09,0x2e,0x0a,0x0d,0x03,0x0a,
	0x2e,0x0f,0x40,0x0c,0x40,0x04,0x40,0x0c,0x40,0x03,0x12,0x20,0x03,0x09,0x2e,0x0a,
	0x0e,0x03,0x09,0x2e,0x12,0x40,0x40,0x40,0x09,0x40,0x0c,0x40,0x03,0x11,0x20,0x03,
	0x09,0x2e,0x0a,0x0f,0x03,0x07,0x2e,0x11,0x40,0x40,0x0d,0x40,0x0c,0x40,0x03,0x11,
	0x20,0x03,0x08,0x2e,0x0a,0x10,0x03,0x06,0x2e,0x10,0x03,0x07,0x40,0x09,0x03,0x05,
	0x40,0x04,0x74,0x68,0x03,0x0d,0x20,0x03,0x08,0x2e,0x0a,0x11,0x03,0x04,0x2e,0x0f,
	0x03,0x17,0x2d,0x11,0x03,0x08,0x2e,0x0a,0x12,0x2e,0x2e,0x2e,0x11,0x43,0x04,0x45,
	0x04,0x4e,0x04,0x54,0x04,0x55,0x04,0x52,0x04,0x59,0x12,0x03,0x07,0x2e,0x0a,0x13,
	0x2e,0x2e,0x0f,0x03,0x17,0x2d,0x10,0x03,0x05,0x2e,0x0a,0x13,0x2e,0x2e,0x0f,0x03,
	0x05,0x40,0x20,0x03,0x05,0x40,0x20,0x40,0x09,0x40,0x20,0x03,0x05,0x40,0x0f,0x2e,
	0x2e,0x2e,0x0a,0x13,0x3d,0x3d,0x11,0x40,0x09,0x40,0x0d,0x40,0x20,0x40,0x0b,0x40,
	0x11,0x3d,0x3d,0x0a,0x11,0x08,0x05,0x08,0x0f,0x40,0x09,0x03,0x04,0x40,0x0b,0x40,
	0x0c,0x40,0x0f,0x08,0x05,0x08,0x0a,0x10,0x7c,0x0d,0x7c,0x0e,0x40,0x09,0x40,0x0d,
	0x40,0x20,0x40,0x0b,0x40,0x0e,0x7c,0x0d,0x7c,0x0a,0x03,0x09,0x5f,0x7c,0x03,0x06,
	0x5f,0x7c,0x03,0x05,0x5f,0x04,0x40,0x09,0x03,0x05,0x40,0x20,0x40,0x09,0x40,0x09,
	0x40,0x04,0x03,0x05,0x5f,0x7c,0x03,0x06,0x5f,0x7c,0x03,0x09,0x5f,0x0a,0x0b,0x03,
	0x0b,0x2e,0x11,0x03,0x05,0x40,0x0b,0x03,0x05,0x40,0x03,0x16,0x20,0x03,0x06,0x2e,
	0x0a,0x0c,0x03,0x0a,0x2e,0x10,0x40,0x0c,0x40,0x04,0x40,0x0c,0x40,0x03,0x14,0x20,
	0x03,0x07,0x2e,0x0a,0x0d,0x03,0x08,0x2e,0x03,0x0d,0x20,0x40,0x40,0x40,0x09,0x40,
	0x0c,0x40,0x03,0x13,0x20,0x03,0x08,0x2e,0x0a,0x0e,0x03,0x07,0x2e,0x12,0x40,0x40,
	0x0d,0x40,0x0c,0x40,0x03,0x12,0x20,0x03,0x09,0x2e,0x0a,0x0f,0x03,0x06,0x2e,0x11,
	0x03,0x07,0x40,0x09,0x03,0x05,0x40,0x04,0x74,0x68,0x03,0x0e,0x20,0x03,0x08,0x2e,
	0x0a,0x10,0x03,0x05,0x2e,0x0f,0x03,0x17,0x2d,0x12,0x03,0x08,0x2e,0x0a,0x11,0x03,
	0x04,0x2e,0x11,0x43,0x04,0x45,0x04,0x4e,0x04,0x54,0x04,0x55,0x04,0x52,0x04,0x59,
	0x13,0x03,0x07,0x2e,0x0a,0x12,0x2e,0x2e,0x2e,0x0f,0x03,0x17,0x2d,0x10,0x03,0x05,
	0x2e,0x0a,0x13,0x2e,0x2e,0x0f,0x03,0x05,0x40,0x20,0x03,0x05,0x40,0x20,0x40,0x09,
	0x40,0x20,0x03,0x05,0x40,0x0f,0x2e,0x2e,0x2e,0x0a,0x13,0x3d,0x3d,0x11,0x40,0x09,
	0x40,0x0d,0x40,0x20,0x40,0x0b,0x40,0x11,0x3d,0x3d,0x0a,0x11,0x08,0x05,0x08,0x0f,
	0x40,0x09,0x03,0x04,0x40,0x0b,0x40,0x0c,0x40,0x0f,0x08,0x05,0x08,0x0a,0x10,0x7c,
	0x0d,0x7c,0x0e,0x40,0x09,0x40,0x0d,0x40,0x20,0x40,0x0b,0x40,0x0e,0x7c,0x0d,0x7c,
	0x0a,0x03,0x09,0x5f,0x7c,0x03,0x06,0x5f,0x7c,0x03,0x05,0x5f,0x04,0x40,0x09,0x03,
	0x05,0x40,0x20,0x40,0x09,0x40,0x09,0x40,0x04,0x03,0x05,0x5f,0x7c,0x03,0x06,0x5f,
	0x7c,0x03,0x09,0x5f,0x0a,0x20,0x03,0x0d,0x2e,0x12,0x03,0x05,0x40,0x0b,0x03,0x05,
	0x40,0x03,0x16,0x20,0x03,0x06,0x2e,0x0a,0x09,0x03,0x0b,0x2e,0x11,0x40,0x0c,0x40,
	0x04,0x40,0x0c,0x40,0x03,0x14,0x20,0x03,0x07,0x2e,0x0a,0x0b,0x03,0x0a,0x2e,0x03,
	0x0d,0x20,0x40,0x40,0x40,0x09,0x40,0x0c,0x40,0x03,0x13,0x20,0x03,0x08,0x2e,0x0a,
	0x0c,0x03,0x09,0x2e,0x12,0x40,0x40,0x0d,0x40,0x0c,0x40,0x03,0x12,0x20,0x03,0x09,
	0x2e,0x0a,0x0d,0x03,0x08,0x2e,0x11,0x03,0x07,0x40,0x09,0x03,0x05,0x40,0x04,0x74,
	0x68,0x03,0x0e,0x20,0x03,0x08,0x2e,0x0a,0x0e,0x03,0x07,0x2e,0x0f,0x03,0x17,0x2d,
	0x12,0x03,0x08,0x2e,0x0a,0x10,0x03,0x05,0x2e,0x11,0x43,0x04,0x45,0x04,0x4e,0x04,
	0x54,0x04,0x55,0x04,0x52,0x04,0x59,0x13,0x03,0x07,0x2e,0x0a,0x11,0x03,0x04,0x2e,
	0x0f,0x03,0x17,0x2d,0x10,0x03,0x05,0x2e,0x0a,0x12,0x2e,0x2e,0x2e,0x0f,0x03,0x05,
	0x40,0x20,0x03,0x05,0x40,0x20,0x40,0x09,0x40,0x20,0x03,0x05,0x40,0x0f,0x2e,0x2e,
	0x2e,0x0a,0x13,0x3d,0x3d,0x11,0x40,0x09,0x40,0x0d,0x40,0x20,0x40,0x0b,0x40,0x11,
	0x3d,0x3d,0x0a,0x11,0x08,0x05,0x08,0x0f,0x40,0x09,0x03,0x04,0x40,0x0b,0x40,0x0c,
	0x40,0x0f,0x08,0x05,0x08,0x0a,0x10,0x7c,0x0d,0x7c,0x0e,0x40,0x09,0x40,0x0d,0x40,
	0x20,0x40,0x0b,0x40,0x0e,0x7c,0x0d,0x7c,0x0a,0x03,0x09,0x5f,0x7c,0x03,0x06,0x5f,
	0x7c,0x03,0x05,0x5f,0x04,0x40,0x09,0x03,0x05,0x40,0x20,0x40,0x09,0x40,0x09,0x40,
	0x04,0x03,0x05,0x5f,0x7c,0x03,0x06,0x5f,0x7c,0x03,0x09,0x5f,0x0a,0x03,0x0c,0x2e,
	0x03,0x0d,0x20,0x03,0x05,0x40,0x0b,0x03,0x05,0x40,0x03,0x16,0x20,0x03,0x06,0x2e,
	0x0a,0x20,0x03,0x0b,0x2e,0x13,0x40,0x0c,0x40,0x04,0x40,0x0c,0x40,0x03,0x14,0x20,
	0x03,0x07,0x2e,0x0a,0x09,0x03,0x0a,0x2e,0x03,0x0e,0x20,0x40,0x40,0x40,0x09,0x40,
	0x0c,0x40,0x03,0x13,0x20,0x03,0x08,0x2e,0x0a,0x0b,0x03,0x09,0x2e,0x13,0x40,0x40,
	0x0d,0x40,0x0c,0x40,0x03,0x12,0x20,0x03,0x09,0x2e,0x0a,0x0c,0x03,0x08,0x2e,0x12,
	0x03,0x07,0x40,0x09,0x03,0x05,0x40,0x04,0x74,0x68,0x03,0x0e,0x20,0x03,0x08,0x2e,
	0x0a,0x0d,0x03,0x08,0x2e,0x0f,0x03,0x17,0x2d,0x12,0x03,0x08,0x2e,0x0a,0x0e,0x03,
	0x07,0x2e,0x11,0x43,0x04,0x45,0x04,0x4e,0x04,0x54,0x04,0x55,0x04,0x52,0x04,0x59,
	0x13,0x03,0x07,0x2e,0x0a,0x10,0x03,0x05,0x2e,0x0f,0x03,0x17,0x2d,0x10,0x03,0x05,
	0x2e,0x0a,0x12,0x2e,0x2e,0x2e,0x0f,0x03,0x05,0x40,0x20,0x03,0x05,0x40,0x20,0x40,
	0x09,0x40,0x20,0x03,0x05,0x40,0x0f,0x2e,0x2e,0x2e,0x0a,0x13,0x3d,0x3d,0x11,0x40,
	0x09,0x40,0x0d,0x40,0x20,0x40,0x0b,0x40,0x11,0x3d,0x3d,0x0a,0x11,0x08,0x05,0x08,
	0x0f,0x40,0x09,0x03,0x04,0x40,0x0b,0x40,0x0c,0x40,0x0f,0x08,0x05,0x08,0x0a,0x10,
	0x7c,0x0d,0x7c,0x0e,0x40,0x09,0x40,0x0d,0x40,0x20,0x40,0x0b,0x40,0x0e,0x7c,0x0d,
	0x7c,0x0a,0x03,0x09,0x5f,0x7c,0x03,0x06,0x5f,0x7c,0x03,0x05,0x5f,0x04,0x40,0x09,
	0x03,0x05,0x40,0x20,0x40,0x09,0x40,0x09,0x40,0x04,0x03,0x05,0x5f,0x7c,0x03,0x06,
	0x5f,0x7c,0x03,0x09,0x5f,0x0a,0x03,0x0a,0x2e,0x03,0x0f,0x20,0x03,0x05,0x40,0x0b,
	0x03,0x05,0x40,0x03,0x15,0x20,0x03,0x07,0x2e,0x0a,0x03,0x0a,0x2e,0x03,0x0e,0x20,
	0x40,0x0c,0x40,0x04,0x40,0x0c,0x40,0x03,0x13,0x20,0x03,0x08,0x2e,0x0a,0x20,0x03,
	0x0a,0x2e,0x03,0x10,0x20,0x40,0x40,0x40,0x09,0x40,0x0c,0x40,0x03,0x12,0x20,0x03,
	0x08,0x2e,0x0a,0x09,0x03,0x08,0x2e,0x03,0x0e,0x20,0x40,0x40,0x0d,0x40,0x0c,0x40,
	0x03,0x11,0x20,0x03,0x08,0x2e,0x0a,0x0b,0x03,0x08,0x2e,0x13,0x03,0x07,0x40,0x09,
	0x03,0x05,0x40,0x04,0x74,0x68,0x03,0x0d,0x20,0x03,0x08,0x2e,0x0a,0x0c,0x03,0x07,
	0x2e,0x11,0x03,0x17,0x2d,0x12,0x03,0x07,0x2e,0x0a,0x0e,0x03,0x06,0x2e,0x12,0x43,
	0x04,0x45,0x04,0x4e,0x04,0x54,0x04,0x55,0x04,0x52,0x04,0x59,0x13,0x03,0x06,0x2e,
	0x0a,0x10,0x03,0x04,0x2e,0x10,0x03,0x17,0x2d,0x10,0x03,0x05,0x2e,0x0a,0x12,0x2e,
	0x2e,0x2e,0x0f,0x03,0x05,0x40,0x20,0x03,0x05,0x40,0x20,0x40,0x09,0x40,0x20,0x03,
	0x05,0x40,0x0f,0x2e,0x2e,0x2e,0x0a,0x13,0x3d,0x3d,0x11,0x40,0x09,0x40,0x0d,0x40,
	0x20,0x40,0x0b,0x40,0x11,0x3d,0x3d,0x0a,0x11,0x08,0x05,0x08,0x0f,0x40,0x09,0x03,
	0x04,0x40,0x0b,0x40,0x0c,0x40,0x0f,0x08,0x05,0x08,0x0a,0x10,0x7c,0x0d,0x7c,0x0e,
	0x40,0x09,0x40,0x0d,0x40,0x20,0x40,0x0b,0x40,0x0e,0x7c,0x0d,0x7c,0x0a,0x03,0x09,
	0x5f,0x7c,0x03,0x06,0x5f,0x7c,0x03,0x05,0x5f,0x04,0x40,0x09,0x03,0x05,0x40,0x20,
	0x40,0x09,0x40,0x09,0x40,0x04,0x03,0x05,0x5f,0x7c,0x03,0x06,0x5f,0x7c,0x03,0x09,
	0x5f,0x0a,0x03,0x07,0x2e,0x03,0x12,0x20,0x03,0x05,0x40,0x0b,0x03,0x05,0x40,0x03,
	0x13,0x20,0x03,0x09,0x2e,0x0a,0x03,0x08,0x2e,0x03,0x10,0x20,0x40,0x0c,0x40,0x04,
	0x40,0x0c,0x40,0x03,0x11,0x20,0x03,0x09,0x2e,0x0a,0x03,0x09,0x2e,0x03,0x12,0x20,
	0x40,0x40,0x40,0x09,0x40,0x0c,0x40,0x03,0x10,0x20,0x03,0x09,0x2e,0x0a,0x20,0x03,
	0x09,0x2e,0x03,0x0f,0x20,0x40,0x40,0x0d,0x40,0x0c,0x40,0x03,0x10,0x20,0x03,0x08,
	0x2e,0x0a,0x09,0x03,0x07,0x2e,0x03,0x0e,0x20,0x03,0x07,0x40,0x09,0x03,0x05,0x40,
	0x04,0x74,0x68,0x13,0x03,0x08,0x2e,0x0a,0x0b,0x03,0x07,0x2e,0x12,0x03,0x17,0x2d,
	0x11,0x03,0x06,0x2e,0x0a,0x0d,0x03,0x06,0x2e,0x13,0x43,0x04,0x45,0x04,0x4e,0x04,
	0x54,0x04,0x55,0x04,0x52,0x04,0x59,0x12,0x03,0x05,0x2e,0x0a,0x0f,0x03,0x05,0x2e,
	0x10,0x03,0x17,0x2d,0x10,0x03,0x04,0x2e,0x0a,0x12,0x2e,0x2e,0x2e,0x0f,0x03,0x05,
	0x40,0x20,0x03,0x05,0x40,0x20,0x40,0x09,0x40,0x20,0x03,0x05,0x40,0x0f,0x2e,0x2e,
	0x2e,0x0a,0x13,0x3d,0x3d,0x11,0x40,0x09,0x40,0x0d,0x40,0x20,0x40,0x0b,0x40,0x11,
	0x3d,0x3d,0x0a,0x11,0x08,0x05,0x08,0x0f,0x40,0x09,0x03,0x04,0x40,0x0b,0x40,0x0c,
	0x40,0x0f,0x08,0x05,0x08,0x0a,0x10,0x7c,0x0d,0x7c,0x0e,0x40,0x09,0x40,0x0d,0x40,
	0x20,0x40,0x0b,0x40,0x0e,0x7c,0x0d,0x7c,0x0a,0x03,0x09,0x5f,0x7c,0x03,0x06,0x5f,
	0x7c,0x03,0x05,0x5f,0x04,0x40,0x09,0x03,0x05,0x40,0x20,0x40,0x09,0x40,0x09,0x40,
	0x04,0x03,0x05,0x5f,0x7c,0x03,0x06,0x5f,0x7c,0x03,0x09,0x5f,0x0a,0x03,0x05,0x2e,
	0x03,0x14,0x20,0x03,0x05,0x40,0x0b,0x03,0x05,0x40,0x03,0x11,0x20,0x03,0x08,0x2e,
	0x0a,0x03,0x06,0x2e,0x03,0x12,0x20,0x40,0x0c,0x40,0x04,0x40,0x0c,0x40,0x03,0x0f,
	0x20,0x03,0x08,0x2e,0x0a,0x03,0x07,0x2e,0x03,0x14,0x20,0x40,0x40,0x40,0x09,0x40,
	0x0c,0x40,0x03,0x0f,0x20,0x03,0x08,0x2e,0x0a,0x03,0x08,0x2e,0x03,0x11,0x20,0x40,
	0x40,0x0d,0x40,0x0c,0x40,0x03,0x0e,0x20,0x03,0x08,0x2e,0x0a,0x20,0x03,0x08,0x2e,
	0x03,0x0f,0x20,0x03,0x07,0x40,0x09,0x03,0x05,0x40,0x04,0x74,0x68,0x12,0x03,0x07,
	0x2e,0x0a,0x09,0x03,0x07,0x2e,0x13,0x03,0x17,0x2d,0x10,0x03,0x05,0x2e,0x0a,0x0c,
	0x03,0x06,0x2e,0x03,0x0d,0x20,0x43,0x04,0x45,0x04,0x4e,0x04,0x54,0x04,0x55,0x04,
	0x52,0x04,0x59,0x11,0x03,0x05,0x2e,0x0a,0x0e,0x03,0x05,0x2e,0x11,0x03,0x17,0x2d,
	0x0f,0x03,0x04,0x2e,0x0a,0x11,0x2e,0x2e,0x2e,0x10,0x03,0x05,0x40,0x20,0x03,0x05,
	0x40,0x20,0x40,0x09,0x40,0x20,0x03,0x05,0x40,0x0f,0x2e,0x2e,0x2e,0x0a,0x13,0x3d,
	0x3d,0x11,0x40,0x09,0x40,0x0d,0x40,0x20,0x40,0x0b,0x40,0x11,0x3d,0x3d,0x0a,0x11,
	0x08,0x05,0x08,0x0f,0x40,0x09,0x03,0x04,0x40,0x0b,0x40,0x0c,0x40,0x0f,0x08,0x05,
	0x08,0x0a,0x10,0x7c,0x0d,0x7c,0x0e,0x40,0x09,0x40,0x0d,0x40,0x20,0x40,0x0b,0x40,
	0x0e,0x7c,0x0d,0x7c,0x0a,0x03,0x09,0x5f,0x7c,0x03,0x06,0x5f,0x7c,0x03,0x05,0x5f,
	0x04,0x40,0x09,0x03,0x05,0x40,0x20,0x40,0x09,0x40,0x09,0x40,0x04,0x03,0x05,0x5f,
	0x7c,0x03,0x06,0x5f,0x7c,0x03,0x09,0x5f,0x0a,0x03,0x05,0x2e,0x03,0x14,0x20,0x03,
	0x05,0x40,0x0b,0x03,0x05,0x40,0x03,0x0e,0x20,0x03,0x0b,0x2e,0x0a,0x03,0x06,0x2e,
	0x03,0x12,0x20,0x40,0x0c,0x40,0x04,0x40,0x0c,0x40,0x03,0x0d,0x20,0x03,0x0a,0x2e,
	0x0a,0x03,0x07,0x2e,0x03,0x14,0x20,0x40,0x40,0x40,0x09,0x40,0x0c,0x40,0x03,0x0d,
	0x20,0x03,0x09,0x2e,0x0a,0x03,0x08,0x2e,0x03,0x11,0x20,0x40,0x40,0x0d,0x40,0x0c,
	0x40,0x03,0x0d,0x20,0x03,0x08,0x2e,0x0a,0x20,0x03,0x08,0x2e,0x03,0x0f,0x20,0x03,
	0x07,0x40,0x09,0x03,0x05,0x40,0x04,0x74,0x68,0x11,0x03,0x07,0x2e,0x0a,0x09,0x03,
	0x07,0x2e,0x13,0x03,0x17,0x2d,0x0f,0x03,0x06,0x2e,0x0a,0x0c,0x03,0x06,0x2e,0x03,
	0x0d,0x20,0x43,0x04,0x45,0x04,0x4e,0x04,0x54,0x04,0x55,0x04,0x52,0x04,0x59,0x11,
	0x03,0x05,0x2e,0x0a,0x0e,0x03,0x05,0x2e,0x11,0x03,0x17,0x2d,0x0f,0x03,0x04,0x2e,
	0x0a,0x11,0x2e,0x2e,0x2e,0x10,0x03,0x05,0x40,0x20,0x03,0x05,0x40,0x20,0x40,0x09,
	0x40,0x20,0x03,0x05,0x40,0x0f,0x2e,0x2e,0x2e,0x0a,0x13,0x3d,0x3d,0x11,0x40,0x09,
	0x40,0x0d,0x40,0x20,0x40,0x0b,0x40,0x11,0x3d,0x3d,0x0a,0x11,0x08,0x05,0x08,0x0f,
	0x40,0x09,0x03,0x04,0x40,0x0b,0x40,0x0c,0x40,0x0f,0x08,0x05,0x08,0x0a,0x10,0x7c,
	0x0d,0x7c,0x0e,0x40,0x09,0x40,0x0d,0x40,0x20,0x40,0x0b,0x40,0x0e,0x7c,0x0d,0x7c,
	0x0a,0x03,0x09,0x5f,0x7c,0x03,0x06,0x5f,0x7c,0x03,0x05,0x5f,0x04,0x40,0x09,0x03,
	0x05,0x40,0x20,0x40,0x09,0x40,0x09,0x40,0x04,0x03,0x05,0x5f,0x7c,0x03,0x06,0x5f,
	0x7c,0x03,0x09,0x5f,0x0a,0x03,0x05,0x2e,0x03,0x14,0x20,0x03,0x05,0x40,0x0b,0x03,
	0x05,0x40,0x13,0x03,0x0b,0x2e,0x0a,0x03,0x06,0x2e,0x03,0x12,0x20,0x40,0x0c,0x40,
	0x04,0x40,0x0c,0x40,0x12,0x03,0x0a,0x2e,0x0a,0x03,0x07,0x2e,0x03,0x14,0x20,0x40,
	0x40,0x40,0x09,0x40,0x0c,0x40,0x12,0x03,0x09,0x2e,0x0a,0x03,0x08,0x2e,0x03,0x11,
	0x20,0x40,0x40,0x0d,0x40,0x0c,0x40,0x13,0x03,0x07,0x2e,0x0a,0x20,0x03,0x08,0x2e,
	0x03,0x0f,0x20,0x03,0x07,0x40,0x09,0x03,0x05,0x40,0x04,0x74,0x68,0x10,0x03,0x06,
	0x2e,0x0a,0x09,0x03,0x07,0x2e,0x13,0x03,0x17,0x2d,0x0e,0x03,0x06,0x2e,0x0a,0x0c,
	0x03,0x06,0x2e,0x03,0x0d,0x20,0x43,0x04,0x45,0x04,0x4e,0x04,0x54,0x04,0x55,0x04,
	0x52,0x04,0x59,0x11,0x03,0x04,0x2e,0x0a,0x0e,0x03,0x05,0x2e,0x11,0x03,0x17,0x2d,
	0x0f,0x03,0x04,0x2e,0x0a,0x11,0x2e,0x2e,0x2e,0x10,0x03,0x05,0x40,0x20,0x03,0x05,
	0x40,0x20,0x40,0x09,0x40,0x20,0x03,0x05,0x40,0x0f,0x2e,0x2e,0x2e,0x0a,0x13,0x3d,
	0x3d,0x11,0x40,0x09,0x40,0x0d,0x40,0x20,0x40,0x0b,0x40,0x11,0x3d,0x3d,0x0a,0x11,
	0x08,0x05,0x08,0x0f,0x40,0x09,0x03,0x04,0x40,0x0b,0x40,0x0c,0x40,0x0f,0x08,0x05,
	0x08,0x0a,0x10,0x7c,0x0d,0x7c,0x0e,0x40,0x09,0x40,0x0d,0x40,0x20,0x40,0x0b,0x40,
	0x0e,0x7c,0x0d,0x7c,0x0a,0x03,0x09,0x5f,0x7c,0x03,0x06,0x5f,0x7c,0x03,0x05,0x5f,
	0x04,0x40,0x09,0x03,0x05,0x40,0x20,0x40,0x09,0x40,0x09,0x40,0x04,0x03,0x05,0x5f,
	0x7c,0x03,0x06,0x5f,0x7c,0x03,0x09,0x5f,0x0a,0x03,0x05,0x2e,0x03,0x14,0x20,0x03,
	0x05,0x40,0x0b,0x03,0x05,0x40,0x11,0x03,0x0a,0x2e,0x0a,0x03,0x06,0x2e,0x03,0x12,
	0x20,0x40,0x0c,0x40,0x04,0x40,0x0c,0x40,0x10,0x03,0x0a,0x2e,0x0a,0x03,0x07,0x2e,
	0x03,0x14,0x20,0x40,0x40,0x40,0x09,0x40,0x0c,0x40,0x11,0x03,0x08,0x2e,0x0a,0x03,
	0x08,0x2e,0x03,0x11,0x20,0x40,0x40,0x0d,0x40,0x0c,0x40,0x12,0x03,0x07,0x2e,0x0a,
	0x20,0x03,0x08,0x2e,0x03,0x0f,0x20,0x03,0x07,0x40,0x09,0x03,0x05,0x40,0x04,0x74,
	0x68,0x0f,0x03,0x06,0x2e,0x0a,0x09,0x03,0x07,0x2e,0x13,0x03,0x17,0x2d,0x0d,0x03,
	0x06,0x2e,0x0a,0x0c,0x03,0x06,0x2e,0x03,0x0d,0x20,0x43,0x04,0x45,0x04,0x4e,0x04,
	0x54,0x04,0x55,0x04,0x52,0x04,0x59,0x10,0x03,0x04,0x2e,0x0a,0x0e,0x03,0x05,0x2e,
	0x11,0x03,0x17,0x2d,0x0e,0x03,0x04,0x2e,0x0a,0x11,0x2e,0x2e,0x2e,0x10,0x03,0x05,
	0x40,0x20,0x03,0x05,0x40,0x20,0x40,0x09,0x40,0x20,0x03,0x05,0x40,0x0f,0x2e,0x2e,
	0x0a,0x13,0x3d,0x3d,0x11,0x40,0x09,0x40,0x0d,0x40,0x20,0x40,0x0b,0x40,0x11,0x3d,
	0x3d,0x0a,0x11,0x08,0x05,0x08,0x0f,0x40,0x09,0x03,0x04,0x40,0x0b,0x40,0x0c,0x40,
	0x0f,0x08,0x05,0x08,0x0a,0x10,0x7c,0x0d,0x7c,0x0e,0x40,0x09,0x40,0x0d,0x40,0x20,
	0x40,0x0b,0x40,0x0e,0x7c,0x0d,0x7c,0x0a,0x03,0x09,0x5f,0x7c,0x03,0x06,0x5f,0x7c,
	0x03,0x05,0x5f,0x04,0x40,0x09,0x03,0x05,0x40,0x20,0x40,0x09,0x40,0x09,0x40,0x04,
	0x03,0x05,0x5f,0x7c,0x03,0x06,0x5f,0x7c,0x03,0x09,0x5f,0x0a,0x03,0x07,0x2e,0x03,
	0x12,0x20,0x03,0x05,0x40,0x0b,0x03,0x05,0x40,0x0f,0x03,0x0a,0x2e,0x0a,0x03,0x08,
	0x2e,0x03,0x10,0x20,0x40,0x0c,0x40,0x04,0x40,0x0c,0x40,0x0f,0x03,0x09,0x2e,0x0a,
	0x03,0x08,0x2e,0x03,0x13,0x20,0x40,0x40,0x40,0x09,0x40,0x0c,0x40,0x0f,0x03,0x09,
	0x2e,0x0a,0x20,0x03,0x08,0x2e,0x03,0x10,0x20,0x40,0x40,0x0d,0x40,0x0c,0x40,0x10,
	0x03,0x08,0x2e,0x0a,0x04,0x03,0x08,0x2e,0x03,0x0e,0x20,0x03,0x07,0x40,0x09,0x03,
	0x05,0x40,0x04,0x74,0x68,0x0d,0x03,0x07,0x2e,0x0a,0x0b,0x03,0x07,0x2e,0x12,0x03,
	0x17,0x2d,0x0c,0x03,0x06,0x2e,0x0a,0x0d,0x03,0x05,0x2e,0x03,0x0d,0x20,0x43,0x04,
	0x45,0x04,0x4e,0x04,0x54,0x04,0x55,0x04,0x52,0x04,0x59,0x0f,0x03,0x04,0x2e,0x0a,
	0x0f,0x03,0x04,0x2e,0x11,0x03,0x17,0x2d,0x0e,0x2e,0x2e,0x2e,0x0a,0x11,0x2e,0x2e,
	0x2e,0x10,0x03,0x05,0x40,0x20,0x03,0x05,0x40,0x20,0x40,0x09,0x40,0x20,0x03,0x05,
	0x40,0x0f,0x2e,0x2e,0x0a,0x13,0x3d,0x3d,0x11,0x40,0x09,0x40,0x0d,0x40,0x20,0x40,
	0x0b,0x40,0x11,0x3d,0x3d,0x0a,0x11,0x08,0x05,0x08,0x0f,0x40,0x09,0x03,0x04,0x40,
	0x0b,0x40,0x0c,0x40,0x0f,0x08,0x05,0x08,0x0a,0x10,0x7c,0x0d,0x7c,0x0e,0x40,0x09,
	0x40,0x0d,0x40,0x20,0x40,0x0b,0x40,0x0e,0x7c,0x0d,0x7c,0x0a,0x03,0x09,0x5f,0x7c,
	0x03,0x06,0x5f,0x7c,0x03,0x05,0x5f,0x04,0x40,0x09,0x03,0x05,0x40,0x20,0x40,0x09,
	0x40,0x09,0x40,0x04,0x03,0x05,0x5f,0x7c,0x03,0x06,0x5f,0x7c,0x03,0x09,0x5f,0x0a,
	0x03,0x09,0x2e,0x03,0x10,0x20,0x03,0x05,0x40,0x0b,0x03,0x05,0x40,0x0d,0x03,0x0b,
	0x2e,0x0a,0x03,0x09,0x2e,0x03,0x0f,0x20,0x40,0x0c,0x40,0x04,0x40,0x0c,0x40,0x0c,
	0x03,0x0b,0x2e,0x0a,0x20,0x03,0x09,0x2e,0x03,0x11,0x20,0x40,0x40,0x40,0x09,0x40,
	0x0c,0x40,0x0d,0x03,0x0a,0x2e,0x0a,0x04,0x03,0x08,0x2e,0x03,0x0f,0x20,0x40,0x40,
	0x0d,0x40,0x0c,0x40,0x0e,0x03,0x09,0x2e,0x0a,0x09,0x03,0x08,0x2e,0x03,0x0d,0x20,
	0x03,0x07,0x40,0x09,0x03,0x05,0x40,0x04,0x74,0x68,0x0c,0x03,0x07,0x2e,0x0a,0x0c,
	0x03,0x06,0x2e,0x12,0x03,0x17,0x2d,0x0b,0x03,0x06,0x2e,0x0a,0x0e,0x03,0x05,0x2e,
	0x13,0x43,0x04,0x45,0x04,0x4e,0x04,0x54,0x04,0x55,0x04,0x52,0x04,0x59,0x0f,0x03,
	0x04,0x2e,0x0a,0x10,0x03,0x04,0x2e,0x10,0x03,0x17,0x2d,0x0e,0x2e,0x2e,0x2e,0x0a,
	0x12,0x2e,0x2e,0x2e,0x0f,0x03,0x05,0x40,0x20,0x03,0x05,0x40,0x20,0x40,0x09,0x40,
	0x20,0x03,0x05,0x40,0x0f,0x2e,0x2e,0x0a,0x13,0x3d,0x3d,0x11,0x40,0x09,0x40,0x0d,
	0x40,0x20,0x40,0x0b,0x40,0x11,0x3d,0x3d,0x0a,0x11,0x08,0x05,0x08,0x0f,0x40,0x09,
	0x03,0x04,0x40,0x0b,0x40,0x0c,0x40,0x0f,0x08,0x05,0x08,0x0a,0x10,0x7c,0x0d,0x7c,
	0x0e,0x40,0x09,0x40,0x0d,0x40,0x20,0x40,0x0b,0x40,0x0e,0x7c,0x0d,0x7c,0x0a,0x03,
	0x09,0x5f,0x7c,0x03,0x06,0x5f,0x7c,0x03,0x05,0x5f,0x04,0x40,0x09,0x03,0x05,0x40,
	0x20,0x40,0x09,0x40,0x09,0x40,0x04,0x03,0x05,0x5f,0x7c,0x03,0x06,0x5f,0x7c,0x03,
	0x09,0x5f,0x0a,0x04,0x03,0x08,0x2e,0x03,0x0f,0x20,0x03,0x05,0x40,0x0b,0x03,0x05,
	0x40,0x0b,0x03,0x0b,0x2e,0x0a,0x04,0x03,0x08,0x2e,0x03,0x0e,0x20,0x40,0x0c,0x40,
	0x04,0x40,0x0c,0x40,0x09,0x03,0x0b,0x2e,0x0a,0x09,0x03,0x07,0x2e,0x03,0x11,0x20,
	0x40,0x40,0x40,0x09,0x40,0x0c,0x40,0x0b,0x03,0x0a,0x2e,0x0a,0x09,0x03,0x08,0x2e,
	0x03,0x0e,0x20,0x40,0x40,0x0d,0x40,0x0c,0x40,0x0d,0x03,0x08,0x2e,0x0a,0x0c,0x03,
	0x06,0x2e,0x03,0x0d,0x20,0x03,0x07,0x40,0x09,0x03,0x05,0x40,0x04,0x74,0x68,0x0b,
	0x03,0x07,0x2e,0x0a,0x0e,0x03,0x05,0x2e,0x11,0x03,0x17,0x2d,0x09,0x03,0x06,0x2e,
	0x0a,0x0f,0x03,0x04,0x2e,0x13,0x43,0x04,0x45,0x04,0x4e,0x04,0x54,0x04,0x55,0x04,
	0x52,0x04,0x59,0x0d,0x03,0x05,0x2e,0x0a,0x11,0x2e,0x2e,0x2e,0x10,0x03,0x17,0x2d,
	0x0d,0x03,0x04,0x2e,0x0a,0x12,0x2e,0x2e,0x2e,0x0f,0x03,0x05,0x40,0x20,0x03,0x05,
	0x40,0x20,0x40,0x09,0x40,0x20,0x03,0x05,0x40,0x0e,0x2e,0x2e,0x2e,0x0a,0x13,0x3d,
	0x3d,0x11,0x40,0x09,0x40,0x0d,0x40,0x20,0x40,0x0b,0x40,0x11,0x3d,0x3d,0x0a,0x11,
	0x08,0x05,0x08,0x0f,0x40,0x09,0x03,0x04,0x40,0x0b,0x40,0x0c,0x40,0x0f,0x08,0x05,
	0x08,0x0a,0x10,0x7c,0x0d,0x7c,0x0e,0x40,0x09,0x40,0x0d,0x40,0x20,0x40,0x0b,0x40,
	0x0e,0x7c,0x0d,0x7c,0x0a,0x03,0x09,0x5f,0x7c,0x03,0x06,0x5f,0x7c,0x03,0x05,0x5f,
	0x04,0x40,0x09,0x03,0x05,0x40,0x20,0x40,0x09,0x40,0x09,0x40,0x04,0x03,0x05,0x5f,
	0x7c,0x03,0x06,0x5f,0x7c,0x03,0x09,0x5f,0x0a,0x09,0x03,0x09,0x2e,0x03,0x0d,0x20,
	0x03,0x05,0x40,0x0b,0x03,0x05,0x40,0x04,0x03,0x0b,0x2e,0x0a,0x09,0x03,0x09,0x2e,
	0x13,0x40,0x0c,0x40,0x04,0x40,0x0c,0x40,0x20,0x03,0x0b,0x2e,0x0a,0x0b,0x03,0x08,
	0x2e,0x03,0x0f,0x20,0x40,0x40,0x40,0x09,0x40,0x0c,0x40,0x04,0x03,0x0a,0x2e,0x0a,
	0x0c,0x03,0x07,0x2e,0x03,0x0d,0x20,0x40,0x40,0x0d,0x40,0x0c,0x40,0x0b,0x03,0x09,
	0x2e,0x0a,0x0d,0x03,0x06,0x2e,0x13,0x03,0x07,0x40,0x09,0x03,0x05,0x40,0x04,0x74,
	0x68,0x09,0x03,0x07,0x2e,0x0a,0x0f,0x03,0x05,0x2e,0x10,0x03,0x17,0x2d,0x04,0x03,
	0x06,0x2e,0x0a,0x10,0x03,0x04,0x2e,0x12,0x43,0x04,0x45,0x04,0x4e,0x04,0x54,0x04,
	0x55,0x04,0x52,0x04,0x59,0x0c,0x03,0x05,0x2e,0x0a,0x11,0x2e,0x2e,0x2e,0x10,0x03,
	0x17,0x2d,0x0c,0x03,0x04,0x2e,0x0a,0x13,0x2e,0x2e,0x0f,0x03,0x05,0x40,0x20,0x03,
	0x05,0x40,0x20,0x40,0x09,0x40,0x20,0x03,0x05,0x40,0x0e,0x2e,0x2e,0x0a,0x13,0x3d,
	0x3d,0x11,0x40,0x09,0x40,0x0d,0x40,0x20,0x40,0x0b,0x40,0x11,0x3d,0x3d,0x0a,0x11,
	0x08,0x05,0x08,0x0f,0x40,0x09,0x03,0x04,0x40,0x0b,0x40,0x0c,0x40,0x0f,0x08,0x05,
	0x08,0x0a,0x10,0x7c,0x0d,0x7c,0x0e,0x40,0x09,0x40,0x0d,0x40,0x20,0x40,0x0b,0x40,
	0x0e,0x7c,0x0d,0x7c,0x0a,0x03,0x09,0x5f,0x7c,0x03,0x06,0x5f,0x7c,0x03,0x05,0x5f,
	0x04,0x40,0x09,0x03,0x05,0x40,0x20,0x40,0x09,0x40,0x09,0x40,0x04,0x03,0x05,0x5f,
	0x7c,0x03,0x06,0x5f,0x7c,0x03,0x09,0x5f,0x0a,0x0b,0x03,0x09,0x2e,0x13,0x03,0x05,
	0x40,0x0b,0x03,0x05,0x40,0x03,0x0b,0x2e,0x0a,0x0b,0x03,0x09,0x2e,0x12,0x40,0x0c,
	0x40,0x04,0x40,0x0c,0x40,0x03,0x0a,0x2e,0x0a,0x0c,0x03,0x08,0x2e,0x03,0x0e,0x20,
	0x40,0x40,0x40,0x09,0x40,0x0c,0x40,0x03,0x0b,0x2e,0x0a,0x0d,0x03,0x07,0x2e,0x13,
	0x40,0x40,0x0d,0x40,0x0c,0x40,0x04,0x03,0x09,0x2e,0x0a,0x0e,0x03,0x06,0x2e,0x12,
	0x03,0x07,0x40,0x09,0x03,0x05,0x40,0x04,0x74,0x68,0x20,0x03,0x07,0x2e,0x0a,0x10,
	0x03,0x05,0x2e,0x0f,0x03,0x17,0x2d,0x20,0x03,0x06,0x2e,0x0a,0x11,0x03,0x04,0x2e,
	0x11,0x43,0x04,0x45,0x04,0x4e,0x04,0x54,0x04,0x55,0x04,0x52,0x04,0x59,0x0c,0x03,
	0x05,0x2e,0x0a,0x12,0x2e,0x2e,0x2e,0x0f,0x03,0x17,0x2d,0x0c,0x03,0x04,0x2e,0x0a,
	0x13,0x2e,0x2e,0x0f,0x03,0x05,0x40,0x20,0x03,0x05,0x40,0x20,0x40,0x09,0x40,0x20,
	0x03,0x05,0x40,0x0e,0x2e,0x2e,0x0a,0x13,0x3d,0x3d,0x11,0x40,0x09,0x40,0x0d,0x40,
	0x20,0x40,0x0b,0x40,0x11,0x3d,0x3d,0x0a,0x11,0x08,0x05,0x08,0x0f,0x40,0x09,0x03,
	0x04,0x40,0x0b,0x40,0x0c,0x40,0x0f,0x08,0x05,0x08,0x0a,0x10,0x7c,0x0d,0x7c,0x0e,
	0x40,0x09,0x40,0x0d,0x40,0x20,0x40,0x0b,0x40,0x0e,0x7c,0x0d,0x7c,0x0a,0x03,0x09,
	0x5f,0x7c,0x03,0x06,0x5f,0x7c,0x03,0x05,0x5f,0x04,0x40,0x09,0x03,0x05,0x40,0x20,
	0x40,0x09,0x40,0x09,0x40,0x04,0x03,0x05,0x5f,0x7c,0x03,0x06,0x5f,0x7c,0x03,0x09,
	0x5f,0x0a,0x0b,0x03,0x0a,0x2e,0x12,0x03,0x05,0x40,0x0b,0x03,0x05,0x40,0x03,0x08,
	0x2e,0x0a,0x0c,0x03,0x09,0x2e,0x11,0x40,0x0c,0x40,0x04,0x40,0x0c,0x40,0x03,0x08,
	0x2e,0x0a,0x0d,0x03,0x08,0x2e,0x03,0x0d,0x20,0x40,0x40,0x40,0x09,0x40,0x0c,0x40,
	0x03,0x09,0x2e,0x0a,0x0e,0x03,0x07,0x2e,0x12,0x40,0x40,0x0d,0x40,0x0c,0x40,0x04,
	0x03,0x08,0x2e,0x0a,0x0f,0x03,0x06,0x2e,0x11,0x03,0x07,0x40,0x09,0x03,0x05,0x40,
	0x04,0x74,0x68,0x20,0x03,0x07,0x2e,0x0a,0x10,0x03,0x05,0x2e,0x0f,0x03,0x17,0x2d,
	0x20,0x03,0x06,0x2e,0x0a,0x11,0x03,0x04,0x2e,0x11,0x43,0x04,0x45,0x04,0x4e,0x04,
	0x54,0x04,0x55,0x04,0x52,0x04,0x59,0x0c,0x03,0x05,0x2e,0x0a,0x12,0x2e,0x2e,0x2e,
	0x0f,0x03,0x17,0x2d,0x0c,0x03,0x04,0x2e,0x0a,0x13,0x2e,0x2e,0x0f,0x03,0x05,0x40,
	0x20,0x03,0x05,0x40,0x20,0x40,0x09,0x40,0x20,0x03,0x05,0x40,0x0e,0x2e,0x2e,0x0a,
	0x13,0x3d,0x3d,0x11,0x40,0x09,0x40,0x0d,0x40,0x20,0x40,0x0b,0x40,0x11,0x3d,0x3d,
	0x0a,0x11,0x08,0x05,0x08,0x0f,0x40,0x09,0x03,0x04,0x40,0x0b,0x40,0x0c,0x40,0x0f,
	0x08,0x05,0x08,0x0a,0x10,0x7c,0x0d,0x7c,0x0e,0x40,0x09,0x40,0x0d,0x40,0x20,0x40,
	0x0b,0x40,0x0e,0x7c,0x0d,0x7c,0x0a,0x03,0x09,0x5f,0x7c,0x03,0x06,0x5f,0x7c,0x03,
	0x05,0x5f,0x04,0x40,0x09,0x03,0x05,0x40,0x20,0x40,0x09,0x40,0x09,0x40,0x04,0x03,
	0x05,0x5f,0x7c,0x03,0x06,0x5f,0x7c,0x03,0x09,0x5f,0x0a,0x0c,0x03,0x0a,0x2e,0x11,
	0x03,0x05,0x40,0x0b,0x03,0x05,0x40,0x03,0x07,0x2e,0x0a,0x0d,0x03,0x09,0x2e,0x10,
	0x40,0x0c,0x40,0x04,0x40,0x0c,0x40,0x03,0x07,0x2e,0x0a,0x0e,0x03,0x08,0x2e,0x13,
	0x40,0x40,0x40,0x09,0x40,0x0c,0x40,0x03,0x08,0x2e,0x0a,0x0f,0x03,0x06,0x2e,0x12,
	0x40,0x40,0x0d,0x40,0x0c,0x40,0x04,0x03,0x07,0x2e,0x0a,0x10,0x03,0x05,0x2e,0x11,
	0x03,0x07,0x40,0x09,0x03,0x05,0x40,0x04,0x74,0x68,0x20,0x03,0x06,0x2e,0x0a,0x10,
	0x03,0x05,0x2e,0x0f,0x03,0x17,0x2d,0x20,0x03,0x05,0x2e,0x0a,0x11,0x03,0x04,0x2e,
	0x11,0x43,0x04,0x45,0x04,0x4e,0x04,0x54,0x04,0x55,0x04,0x52,0x04,0x59,0x0c,0x03,
	0x04,0x2e,0x0a,0x12,0x2e,0x2e,0x2e,0x0f,0x03,0x17,0x2d,0x0c,0x2e,0x2e,0x2e,0x0a,
	0x13,0x2e,0x2e,0x0f,0x03,0x05,0x40,0x20,0x03,0x05,0x40,0x20,0x40,0x09,0x40,0x20,
	0x03,0x05,0x40,0x0e,0x2e,0x2e,0x0a,0x13,0x3d,0x3d,0x11,0x40,0x09,0x40,0x0d,0x40,
	0x20,0x40,0x0b,0x40,0x11,0x3d,0x3d,0x0a,0x11,0x08,0x05,0x08,0x0f,0x40,0x09,0x03,
	0x04,0x40,0x0b,0x40,0x0c,0x40,0x0f,0x08,0x05,0x08,0x0a,0x10,0x7c,0x0d,0x7c,0x0e,
	0x40,0x09,0x40,0x0d,0x40,0x20,0x40,0x0b,0x40,0x0e,0x7c,0x0d,0x7c,0x0a,0x03,0x09,
	0x5f,0x7c,0x03,0x06,0x5f,0x7c,0x03,0x05,0x5f,0x04,0x40,0x09,0x03,0x05,0x40,0x20,
	0x40,0x09,0x40,0x09,0x40,0x04,0x03,0x05,0x5f,0x7c,0x03,0x06,0x5f,0x7c,0x03,0x09,
	0x5f,0x0a,0x0d,0x03,0x09,0x2e,0x11,0x03,0x05,0x40,0x0b,0x03,0x05,0x40,0x03,0x09,
	0x2e,0x0a,0x0e,0x03,0x08,0x2e,0x10,0x40,0x0c,0x40,0x04,0x40,0x0c,0x40,0x03,0x09,
	0x2e,0x0a,0x0f,0x03,0x07,0x2e,0x13,0x40,0x40,0x40,0x09,0x40,0x0c,0x40,0x20,0x03,
	0x09,0x2e,0x0a,0x10,0x03,0x06,0x2e,0x11,0x40,0x40,0x0d,0x40,0x0c,0x40,0x04,0x03,
	0x09,0x2e,0x0a,0x10,0x03,0x06,0x2e,0x10,0x03,0x07,0x40,0x09,0x03,0x05,0x40,0x04,
	0x74,0x68,0x20,0x03,0x07,0x2e,0x0a,0x11,0x03,0x04,0x2e,0x0f,0x03,0x17,0x2d,0x20,
	0x03,0x06,0x2e,0x0a,0x12,0x2e,0x2e,0x2e,0x11,0x43,0x04,0x45,0x04,0x4e,0x04,0x54,
	0x04,0x55,0x04,0x52,0x04,0x59,0x0c,0x03,0x04,0x2e,0x0a,0x12,0x2e,0x2e,0x2e,0x0f,
	0x03,0x17,0x2d,0x0c,0x2e,0x2e,0x2e,0x0a,0x13,0x2e,0x2e,0x0f,0x03,0x05,0x40,0x20,
	0x03,0x05,0x40,0x20,0x40,0x09,0x40,0x20,0x03,0x05,0x40,0x0e,0x2e,0x2e,0x0a,0x13,
	0x3d,0x3d,0x11,0x40,0x09,0x40,0x0d,0x40,0x20,0x40,0x0b,0x40,0x11,0x3d,0x3d,0x0a,
	0x11,0x08,0x05,0x08,0x0f,0x40,0x09,0x03,0x04,0x40,0x0b,0x40,0x0c,0x40,0x0f,0x08,
	0x05,0x08,0x0a,0x10,0x7c,0x0d,0x7c,0x0e,0x40,0x09,0x40,0x0d,0x40,0x20,0x40,0x0b,
	0x40,0x0e,0x7c,0x0d,0x7c,0x0a,0x03,0x09,0x5f,0x7c,0x03,0x06,0x5f,0x7c,0x03,0x05,
	0x5f,0x04,0x40,0x09,0x03,0x05,0x40,0x20,0x40,0x09,0x40,0x09,0x40,0x04,0x03,0x05,
	0x5f,0x7c,0x03,0x06,0x5f,0x7c,0x03,0x09,0x5f,0x0a,0x0d,0x03,0x0a,0x2e,0x10,0x03,
	0x05,0x40,0x0b,0x03,0x05,0x40,0x20,0x03,0x0a,0x2e,0x0a,0x0e,0x03,0x09,0x2e,0x0f,
	0x40,0x0c,0x40,0x04,0x40,0x0c,0x40,0x20,0x03,0x09,0x2e,0x0a,0x0f,0x03,0x08,0x2e,
	0x12,0x40,0x40,0x40,0x09,0x40,0x0c,0x40,0x04,0x03,0x09,0x2e,0x0a,0x10,0x03,0x07,
	0x2e,0x10,0x40,0x40,0x0d,0x40,0x0c,0x40,0x09,0x03,0x08,0x2e,0x0a,0x10,0x03,0x07,
	0x2e,0x0f,0x03,0x07,0x40,0x09,0x03,0x05,0x40,0x04,0x74,0x68,0x04,0x03,0x07,0x2e,
	0x0a,0x11,0x03,0x05,0x2e,0x0e,0x03,0x17,0x2d,0x20,0x03,0x07,0x2e,0x0a,0x12,0x03,
	0x04,0x2e,0x10,0x43,0x04,0x45,0x04,0x4e,0x04,0x54,0x04,0x55,0x04,0x52,0x04,0x59,
	0x0c,0x03,0x05,0x2e,0x0a,0x13,0x2e,0x2e,0x0f,0x03,0x17,0x2d,0x0c,0x03,0x04,0x2e,
	0x0a,0x13,0x2e,0x2e,0x0f,0x03,0x05,0x40,0x20,0x03,0x05,0x40,0x20,0x40,0x09,0x40,
	0x20,0x03,0x05,0x40,0x0e,0x2e,0x2e,0x0a,0x13,0x3d,0x3d,0x11,0x40,0x09,0x40,0x0d,
	0x40,0x20,0x40,0x0b,0x40,0x11,0x3d,0x3d,0x0a,0x11,0x08,0x05,0x08,0x0f,0x40,0x09,
	0x03,0x04,0x40,0x0b,0x40,0x0c,0x40,0x0f,0x08,0x05,0x08,0x0a,0x10,0x7c,0x0d,0x7c,
	0x0e,0x40,0x09,0x40,0x0d,0x40,0x20,0x40,0x0b,0x40,0x0e,0x7c,0x0d,0x7c,0x0a,0x03,
	0x09,0x5f,0x7c,0x03,0x06,0x5f,0x7c,0x03,0x05,0x5f,0x04,0x40,0x09,0x03,0x05,0x40,
	0x20,0x40,0x09,0x40,0x09,0x40,0x04,0x03,0x05,0x5f,0x7c,0x03,0x06,0x5f,0x7c,0x03,
	0x09,0x5f,0x0a,0x0f,0x03,0x0a,0x2e,0x0e,0x03,0x05,0x40,0x0b,0x03,0x05,0x40,0x09,
	0x03,0x0a,0x2e,0x0a,0x10,0x03,0x09,0x2e,0x0d,0x40,0x0c,0x40,0x04,0x40,0x0c,0x40,
	0x09,0x03,0x09,0x2e,0x0a,0x10,0x03,0x09,0x2e,0x10,0x40,0x40,0x40,0x09,0x40,0x0c,
	0x40,0x0b,0x03,0x08,0x2e,0x0a,0x11,0x03,0x07,0x2e,0x0f,0x40,0x40,0x0d,0x40,0x0c,
	0x40,0x0c,0x03,0x07,0x2e,0x0a,0x12,0x03,0x05,0x2e,0x0f,0x03,0x07,0x40,0x09,0x03,
	0x05,0x40,0x04,0x74,0x68,0x09,0x03,0x07,0x2e,0x0a,0x12,0x03,0x05,0x2e,0x0d,0x03,
	0x17,0x2d,0x04,0x03,0x06,0x2e,0x0a,0x13,0x2e,0x2e,0x2e,0x10,0x43,0x04,0x45,0x04,
	0x4e,0x04,0x54,0x04,0x55,0x04,0x52,0x04,0x59,0x0d,0x03,0x05,0x2e,0x0a,0x13,0x2e,
	0x2e,0x0f,0x03,0x17,0x2d,0x0c,0x03,0x04,0x2e,0x0a,0x13,0x2e,0x2e,0x0f,0x03,0x05,
	0x40,0x20,0x03,0x05,0x40,0x20,0x40,0x09,0x40,0x20,0x03,0x05,0x40,0x0e,0x2e,0x2e,
	0x2e,0x0a,0x13,0x3d,0x3d,0x11,0x40,0x09,0x40,0x0d,0x40,0x20,0x40,0x0b,0x40,0x11,
	0x3d,0x3d,0x0a,0x11,0x08,0x05,0x08,0x0f,0x40,0x09,0x03,0x04,0x40,0x0b,0x40,0x0c,
	0x40,0x0f,0x08,0x05,0x08,0x0a,0x10,0x7c,0x0d,0x7c,0x0e,0x40,0x09,0x40,0x0d,0x40,
	0x20,0x40,0x0b,0x40,0x0e,0x7c,0x0d,0x7c,0x0a,0x03,0x09,0x5f,0x7c,0x03,0x06,0x5f,
	0x7c,0x03,0x05,0x5f,0x04,0x40,0x09,0x03,0x05,0x40,0x20,0x40,0x09,0x40,0x09,0x40,
	0x04,0x03,0x05,0x5f,0x7c,0x03,0x06,0x5f,0x7c,0x03,0x09,0x5f,0x0a,0x11,0x03,0x09,
	0x2e,0x0d,0x03,0x05,0x40,0x0b,0x03,0x05,0x40,0x0c,0x03,0x0a,0x2e,0x0a,0x11,0x03,
	0x09,0x2e,0x0c,0x40,0x0c,0x40,0x04,0x40,0x0c,0x40,0x0c,0x03,0x09,0x2e,0x0a,0x11,
	0x03,0x09,0x2e,0x0f,0x40,0x40,0x40,0x09,0x40,0x0c,0x40,0x0d,0x03,0x08,0x2e,0x0a,
	0x12,0x03,0x07,0x2e,0x0e,0x40,0x40,0x0d,0x40,0x0c,0x40,0x0e,0x03,0x08,0x2e,0x0a,
	0x12,0x03,0x06,0x2e,0x0e,0x03,0x07,0x40,0x09,0x03,0x05,0x40,0x04,0x74,0x68,0x0c,
	0x03,0x07,0x2e,0x0a,0x12,0x03,0x05,0x2e,0x0d,0x03,0x17,0x2d,0x0b,0x03,0x06,0x2e,
	0x0a,0x13,0x2e,0x2e,0x2e,0x10,0x43,0x04,0x45,0x04,0x4e,0x04,0x54,0x04,0x55,0x04,
	0x52,0x04,0x59,0x0e,0x03,0x05,0x2e,0x0a,0x13,0x2e,0x2e,0x0f,0x03,0x17,0x2d,0x0e,
	0x2e,0x2e,0x2e,0x0a,0x13,0x2e,0x2e,0x0f,0x03,0x05,0x40,0x20,0x03,0x05,0x40,0x20,
	0x40,0x09,0x40,0x20,0x03,0x05,0x40,0x0f,0x2e,0x2e,0x0a,0x13,0x3d,0x3d,0x11,0x40,
	0x09,0x40,0x0d,0x40,0x20,0x40,0x0b,0x40,0x11,0x3d,0x3d,0x0a,0x11,0x08,0x05,0x08,
	0x0f,0x40,0x09,0x03,0x04,0x40,0x0b,0x40,0x0c,0x40,0x0f,0x08,0x05,0x08,0x0a,0x10,
	0x7c,0x0d,0x7c,0x0e,0x40,0x09,0x40,0x0d,0x40,0x20,0x40,0x0b,0x40,0x0e,0x7c,0x0d,
	0x7c,0x0a,0x03,0x09,0x5f,0x7c,0x03,0x06,0x5f,0x7c,0x03,0x05,0x5f,0x04,0x40,0x09,
	0x03,0x05,0x40,0x20,0x40,0x09,0x40,0x09,0x40,0x04,0x03,0x05,0x5f,0x7c,0x03,0x06,
	0x5f,0x7c,0x03,0x09,0x5f,0x0a,0x13,0x03,0x09,0x2e,0x0b,0x03,0x05,0x40,0x0b,0x03,
	0x05,0x40,0x0f,0x03,0x0a,0x2e,0x0a,0x13,0x03,0x09,0x2e,0x09,0x40,0x0c,0x40,0x04,
	0x40,0x0c,0x40,0x0e,0x03,0x0a,0x2e,0x0a,0x13,0x03,0x08,0x2e,0x0e,0x40,0x40,0x40,
	0x09,0x40,0x0c,0x40,0x0f,0x03,0x09,0x2e,0x0a,0x13,0x03,0x07,0x2e,0x0d,0x40,0x40,
	0x0d,0x40,0x0c,0x40,0x10,0x03,0x07,0x2e,0x0a,0x13,0x03,0x06,0x2e,0x0d,0x03,0x07,
	0x40,0x09,0x03,0x05,0x40,0x04,0x74,0x68,0x0e,0x03,0x06,0x2e,0x0a,0x13,0x03,0x05,
	0x2e,0x0c,0x03,0x17,0x2d,0x0d,0x03,0x05,0x2e,0x0a,0x13,0x03,0x04,0x2e,0x0f,0x43,
	0x04,0x45,0x04,0x4e,0x04,0x54,0x04,0x55,0x04,0x52,0x04,0x59,0x10,0x03,0x04,0x2e,
	0x0a,0x13,0x2e,0x2e,0x2e,0x0e,0x03,0x17,0x2d,0x0f,0x2e,0x2e,0x0a,0x13,0x2e,0x2e,
	0x0f,0x03,0x05,0x40,0x20,0x03,0x05,0x40,0x20,0x40,0x09,0x40,0x20,0x03,0x05,0x40,
	0x0f,0x2e,0x2e,0x0a,0x13,0x3d,0x3d,0x11,0x40,0x09,0x40,0x0d,0x40,0x20,0x40,0x0b,
	0x40,0x11,0x3d,0x3d,0x0a,0x11,0x08,0x05,0x08,0x0f,0x40,0x09,0x03,0x04,0x40,0x0b,
	0x40,0x0c,0x40,0x0f,0x08,0x05,0x08,0x0a,0x10,0x7c,0x0d,0x7c,0x0e,0x40,0x09,0x40,
	0x0d,0x40,0x20,0x40,0x0b,0x40,0x0e,0x7c,0x0d,0x7c,0x0a,0x03,0x09,0x5f,0x7c,0x03,
	0x06,0x5f,0x7c,0x03,0x05,0x5f,0x04,0x40,0x09,0x03,0x05,0x40,0x20,0x40,0x09,0x40,
	0x09,0x40,0x04,0x03,0x05,0x5f,0x7c,0x03,0x06,0x5f,0x7c,0x03,0x09,0x5f,0x0a,0x03,
	0x0e,0x20,0x03,0x0a,0x2e,0x20,0x03,0x05,0x40,0x0b,0x03,0x05,0x40,0x12,0x03,0x09,
	0x2e,0x0a,0x03,0x0e,0x20,0x03,0x09,0x2e,0x20,0x40,0x0c,0x40,0x04,0x40,0x0c,0x40,
	0x11,0x03,0x09,0x2e,0x0a,0x03,0x0d,0x20,0x03,0x09,0x2e,0x0c,0x40,0x40,0x40,0x09,
	0x40,0x0c,0x40,0x12,0x03,0x08,0x2e,0x0a,0x03,0x0d,0x20,0x03,0x07,0x2e,0x0c,0x40,
	0x40,0x0d,0x40,0x0c,0x40,0x13,0x03,0x06,0x2e,0x0a,0x03,0x0d,0x20,0x03,0x06,0x2e,
	0x0c,0x03,0x07,0x40,0x09,0x03,0x05,0x40,0x04,0x74,0x68,0x10,0x03,0x06,0x2e,0x0a,
	0x13,0x03,0x06,0x2e,0x0b,0x03,0x17,0x2d,0x0f,0x03,0x04,0x2e,0x0a,0x13,0x03,0x05,
	0x2e,0x0e,0x43,0x04,0x45,0x04,0x4e,0x04,0x54,0x04,0x55,0x04,0x52,0x04,0x59,0x11,
	0x2e,0x2e,0x2e,0x0a,0x13,0x03,0x04,0x2e,0x0d,0x03,0x17,0x2d,0x0f,0x2e,0x2e,0x2e,
	0x0a,0x13,0x2e,0x2e,0x0f,0x03,0x05,0x40,0x20,0x03,0x05,0x40,0x20,0x40,0x09,0x40,
	0x20,0x03,0x05,0x40,0x0f,0x2e,0x2e,0x0a,0x13,0x3d,0x3d,0x11,0x40,0x09,0x40,0x0d,
	0x40,0x20,0x40,0x0b,0x40,0x11,0x3d,0x3d,0x0a,0x11,0x08,0x05,0x08,0x0f,0x40,0x09,
	0x03,0x04,0x40,0x0b,0x40,0x0c,0x40,0x0f,0x08,0x05,0x08,0x0a,0x10,0x7c,0x0d,0x7c,
	0x0e,0x40,0x09,0x40,0x0d,0x40,0x20,0x40,0x0b,0x40,0x0e,0x7c,0x0d,0x7c,0x0a,0x03,
	0x09,0x5f,0x7c,0x03,0x06,0x5f,0x7c,0x03,0x05,0x5f,0x04,0x40,0x09,0x03,0x05,0x40,
	0x20,0x40,0x09,0x40,0x09,0x40,0x04,0x03,0x05,0x5f,0x7c,0x03,0x06,0x5f,0x7c,0x03,
	0x09,0x5f,0x0a,0x13,0x03,0x0a,0x2e,0x09,0x03,0x05,0x40,0x0b,0x03,0x05,0x40,0x03,
	0x0d,0x20,0x03,0x0b,0x2e,0x0a,0x13,0x03,0x09,0x2e,0x09,0x40,0x0c,0x40,0x04,0x40,
	0x0c,0x40,0x13,0x03,0x0a,0x2e,0x0a,0x13,0x03,0x08,0x2e,0x0e,0x40,0x40,0x40,0x09,
	0x40,0x0c,0x40,0x03,0x0d,0x20,0x03,0x08,0x2e,0x0a,0x13,0x03,0x07,0x2e,0x0d,0x40,
	0x40,0x0d,0x40,0x0c,0x40,0x03,0x0d,0x20,0x03,0x08,0x2e,0x0a,0x13,0x03,0x06,0x2e,
	0x0d,0x03,0x07,0x40,0x09,0x03,0x05,0x40,0x04,0x74,0x68,0x11,0x03,0x07,0x2e,0x0a,
	0x13,0x03,0x05,0x2e,0x0c,0x03,0x17,0x2d,0x0f,0x03,0x05,0x2e,0x0a,0x13,0x03,0x04,
	0x2e,0x0f,0x43,0x04,0x45,0x04,0x4e,0x04,0x54,0x04,0x55,0x04,0x52,0x04,0x59,0x11,
	0x03,0x04,0x2e,0x0a,0x13,0x2e,0x2e,0x2e,0x0e,0x03,0x17,0x2d,0x0f,0x2e,0x2e,0x2e,
	0x0a,0x13,0x2e,0x2e,0x0f,0x03,0x05,0x40,0x20,0x03,0x05,0x40,0x20,0x40,0x09,0x40,
	0x20,0x03,0x05,0x40,0x0f,0x2e,0x2e,0x0a,0x13,0x3d,0x3d,0x11,0x40,0x09,0x40,0x0d,
	0x40,0x20,0x40,0x0b,0x40,0x11,0x3d,0x3d,0x0a,0x11,0x08,0x05,0x08,0x0f,0x40,0x09,
	0x03,0x04,0x40,0x0b,0x40,0x0c,0x40,0x0f,0x08,0x05,0x08,0x0a,0x10,0x7c,0x0d,0x7c,
	0x0e,0x40,0x09,0x40,0x0d,0x40,0x20,0x40,0x0b,0x40,0x0e,0x7c,0x0d,0x7c,0x0a,0x03,
	0x09,0x5f,0x7c,0x03,0x06,0x5f,0x7c,0x03,0x05,0x5f,0x04,0x40,0x09,0x03,0x05,0x40,
	0x20,0x40,0x09,0x40,0x09,0x40,0x04,0x03,0x05,0x5f,0x7c,0x03,0x06,0x5f,0x7c,0x03,
	0x09,0x5f,0x0a,0x11,0x03,0x0b,0x2e,0x0b,0x03,0x05,0x40,0x0b,0x03,0x05,0x40,0x03,
	0x0f,0x20,0x03,0x0b,0x2e,0x0a,0x11,0x03,0x0a,0x2e,0x0b,0x40,0x0c,0x40,0x04,0x40,
	0x0c,0x40,0x03,0x0e,0x20,0x03,0x0a,0x2e,0x0a,0x11,0x03,0x09,0x2e,0x0f,0x40,0x40,
	0x40,0x09,0x40,0x0c,0x40,0x03,0x0e,0x20,0x03,0x09,0x2e,0x0a,0x12,0x03,0x08,0x2e,
	0x0d,0x40,0x40,0x0d,0x40,0x0c,0x40,0x03,0x0e,0x20,0x03,0x08,0x2e,0x0a,0x12,0x03,
	0x06,0x2e,0x0e,0x03,0x07,0x40,0x09,0x03,0x05,0x40,0x04,0x74,0x68,0x11,0x03,0x08,
	0x2e,0x0a,0x12,0x03,0x05,0x2e,0x0d,0x03,0x17,0x2d,0x0f,0x03,0x07,0x2e,0x0a,0x13,
	0x03,0x04,0x2e,0x0f,0x43,0x04,0x45,0x04,0x4e,0x04,0x54,0x04,0x55,0x04,0x52,0x04,
	0x59,0x11,0x03,0x05,0x2e,0x0a,0x13,0x2e,0x2e,0x2e,0x0e,0x03,0x17,0x2d,0x0f,0x03,
	0x04,0x2e,0x0a,0x13,0x2e,0x2e,0x0f,0x03,0x05,0x40,0x20,0x03,0x05,0x40,0x20,0x40,
	0x09,0x40,0x20,0x03,0x05,0x40,0x0f,0x2e,0x2e,0x2e,0x0a,0x13,0x3d,0x3d,0x11,0x40,
	0x09,0x40,0x0d,0x40,0x20,0x40,0x0b,0x40,0x11,0x3d,0x3d,0x0a,0x11,0x08,0x05,0x08,
	0x0f,0x40,0x09,0x03,0x04,0x40,0x0b,0x40,0x0c,0x40,0x0f,0x08,0x05,0x08,0x0a,0x10,
	0x7c,0x0d,0x7c,0x0e,0x40,0x09,0x40,0x0d,0x40,0x20,0x40,0x0b,0x40,0x0e,0x7c,0x0d,
	0x7c,0x0a,0x03,0x09,0x5f,0x7c,0x03,0x06,0x5f,0x7c,0x03,0x05,0x5f,0x04,0x40,0x09,
	0x03,0x05,0x40,0x20,0x40,0x09,0x40,0x09,0x40,0x04,0x03,0x05,0x5f,0x7c,0x03,0x06,
	0x5f,0x7c,0x03,0x09,0x5f,0x0a,0x0f,0x03,0x0b,0x2e,0x0d,0x03,0x05,0x40,0x0b,0x03,
	0x05,0x40,0x03,0x11,0x20,0x03,0x0b,0x2e,0x0a,0x0f,0x03,0x0a,0x2e,0x0d,0x40,0x0c,
	0x40,0x04,0x40,0x0c,0x40,0x03,0x10,0x20,0x03,0x0a,0x2e,0x0a,0x10,0x03,0x08,0x2e,
	0x11,0x40,0x40,0x40,0x09,0x40,0x0c,0x40,0x03,0x0f,0x20,0x03,0x0a,0x2e,0x0a,0x11,
	0x03,0x07,0x2e,0x0f,0x40,0x40,0x0d,0x40,0x0c,0x40,0x03,0x0f,0x20,0x03,0x09,0x2e,
	0x0a,0x11,0x03,0x06,0x2e,0x0f,0x03,0x07,0x40,0x09,0x03,0x05,0x40,0x04,0x74,0x68,
	0x12,0x03,0x08,0x2e,0x0a,0x12,0x03,0x05,0x2e,0x0d,0x03,0x17,0x2d,0x10,0x03,0x07,
	0x2e,0x0a,0x12,0x03,0x04,0x2e,0x10,0x43,0x04,0x45,0x04,0x4e,0x04,0x54,0x04,0x55,
	0x04,0x52,0x04,0x59,0x11,0x03,0x07,0x2e,0x0a,0x13,0x2e,0x2e,0x2e,0x0e,0x03,0x17,
	0x2d,0x0f,0x03,0x05,0x2e,0x0a,0x13,0x2e,0x2e,0x0f,0x03,0x05,0x40,0x20,0x03,0x05,
	0x40,0x20,0x40,0x09,0x40,0x20,0x03,0x05,0x40,0x0f,0x2e,0x2e,0x2e,0x0a,0x13,0x3d,
	0x3d,0x11,0x40,0x09,0x40,0x0d,0x40,0x20,0x40,0x0b,0x40,0x11,0x3d,0x3d,0x0a,0x11,
	0x08,0x05,0x08,0x0f,0x40,0x09,0x03,0x04,0x40,0x0b,0x40,0x0c,0x40,0x0f,0x08,0x05,
	0x08,0x0a,0x10,0x7c,0x0d,0x7c,0x0e,0x40,0x09,0x40,0x0d,0x40,0x20,0x40,0x0b,0x40,
	0x0e,0x7c,0x0d,0x7c,0x0a,0x03,0x09,0x5f,0x7c,0x03,0x06,0x5f,0x7c,0x03,0x05,0x5f,
	0x04,0x40,0x09,0x03,0x05,0x40,0x20,0x40,0x09,0x40,0x09,0x40,0x04,0x03,0x05,0x5f,
	0x7c,0x03,0x06,0x5f,0x7c,0x03,0x09,0x5f,0x0a,0x0d,0x03,0x0b,0x2e,0x0f,0x03,0x05,
	0x40,0x0b,0x03,0x05,0x40,0x03,0x13,0x20,0x03,0x09,0x2e,0x0a,0x0d,0x03,0x0a,0x2e,
	0x0f,0x40,0x0c,0x40,0x04,0x40,0x0c,0x40,0x03,0x12,0x20,0x03,0x09,0x2e,0x0a,0x0e,
	0x03,0x09,0x2e,0x12,0x40,0x40,0x40,0x09,0x40,0x0c,0x40,0x03,0x11,0x20,0x03,0x09,
	0x2e,0x0a,0x0f,0x03,0x07,0x2e,0x11,0x40,0x40,0x0d,0x40,0x0c,0x40,0x03,0x11,0x20,
	0x03,0x08,0x2e,0x0a,0x10,0x03,0x06,0x2e,0x10,0x03,0x07,0x40,0x09,0x03,0x05,0x40,
	0x04,0x74,0x68,0x03,0x0d,0x20,0x03,0x08,0x2e,0x0a,0x11,0x03,0x04,0x2e,0x0f,0x03,
	0x17,0x2d,0x11,0x03,0x08,0x2e,0x0a,0x12,0x2e,0x2e,0x2e,0x11,0x43,0x04,0x45,0x04,
	0x4e,0x04,0x54,0x04,0x55,0x04,0x52,0x04,0x59,0x12,0x03,0x07,0x2e,0x0a,0x13,0x2e,
	0x2e,0x0f,0x03,0x17,0x2d,0x10,0x03,0x05,0x2e,0x0a,0x13,0x2e,0x2e,0x0f,0x03,0x05,
	0x40,0x20,0x03,0x05,0x40,0x20,0x40,0x09,0x40,0x20,0x03,0x05,0x40,0x0f,0x2e,0x2e,
	0x2e,0x0a,0x13,0x3d,0x3d,0x11,0x40,0x09,0x40,0x0d,0x40,0x20,0x40,0x0b,0x40,0x11,
	0x3d,0x3d,0x0a,0x11,0x08,0x05,0x08,0x0f,0x40,0x09,0x03,0x04,0x40,0x0b,0x40,0x0c,
	0x40,0x0f,0x08,0x05,0x08,0x0a,0x10,0x7c,0x0d,0x7c,0x0e,0x40,0x09,0x40,0x0d,0x40,
	0x20,0x40,0x0b,0x40,0x0e,0x7c,0x0d,0x7c,0x0a,0x03,0x09,0x5f,0x7c,0x03,0x06,0x5f,
	0x7c,0x03,0x05,0x5f,0x04,0x40,0x09,0x03,0x05,0x40,0x20,0x40,0x09,0x40,0x09,0x40,
	0x04,0x03,0x05,0x5f,0x7c,0x03,0x06,0x5f,0x7c,0x03,0x09,0x5f,0x0a,0x0b,0x03,0x0b,
	0x2e,0x11,0x03,0x05,0x40,0x0b,0x03,0x05,0x40,0x03,0x16,0x20,0x03,0x06,0x2e,0x0a,
	0x0c,0x03,0x0a,0x2e,0x10,0x40,0x0c,0x40,0x04,0x40,0x0c,0x40,0x03,0x14,0x20,0x03,
	0x07,0x2e,0x0a,0x0d,0x03,0x08,0x2e,0x03,0x0d,0x20,0x40,0x40,0x40,0x09,0x40,0x0c,
	0x40,0x03,0x13,0x20,0x03,0x08,0x2e,0x0a,0x0e,0x03,0x07,0x2e,0x12,0x40,0x40,0x0d,
	0x40,0x0c,0x40,0x03,0x12,0x20,0x03,0x09,0x2e,0x0a,0x0f,0x03,0x06,0x2e,0x11,0x03,
	0x07,0x40,0x09,0x03,0x05,0x40,0x04,0x74,0x68,0x03,0x0e,0x20,0x03,0x08,0x2e,0x0a,
	0x10,0x03,0x05,0x2e,0x0f,0x03,0x17,0x2d,0x12,0x03,0x08,0x2e,0x0a,0x11,0x03,0x04,
	0x2e,0x11,0x43,0x04,0x45,0x04,0x4e,0x04,0x54,0x04,0x55,0x04,0x52,0x04,0x59,0x13,
	0x03,0x07,0x2e,0x0a,0x12,0x2e,0x2e,0x2e,0x0f,0x03,0x17,0x2d,0x10,0x03,0x05,0x2e,
	0x0a,0x13,0x2e,0x2e,0x0f,0x03,0x05,0x40,0x20,0x03,0x05,0x40,0x20,0x40,0x09,0x40,
	0x20,0x03,0x05,0x40,0x0f,0x2e,0x2e,0x2e,0x0a,0x13,0x3d,0x3d,0x11,0x40,0x09,0x40,
	0x0d,0x40,0x20,0x40,0x0b,0x40,0x11,0x3d,0x3d,0x0a,0x11,0x08,0x05,0x08,0x0f,0x40,
	0x09,0x03,0x04,0x40,0x0b,0x40,0x0c,0x40,0x0f,0x08,0x05,0x08,0x0a,0x10,0x7c,0x0d,
	0x7c,0x0e,0x40,0x09,0x40,0x0d,0x40,0x20,0x40,0x0b,0x40,0x0e,0x7c,0x0d,0x7c,0x0a,
	0x03,0x09,0x5f,0x7c,0x03,0x06,0x5f,0x7c,0x03,0x05,0x5f,0x04,0x40,0x09,0x03,0x05,
	0x40,0x20,0x40,0x09,0x40,0x09,0x40,0x04,0x03,0x05,0x5f,0x7c,0x03,0x06,0x5f,0x7c,
	0x03,0x09,0x5f,0x0a,0x20,0x03,0x0d,0x2e,0x12,0x03,0x05,0x40,0x0b,0x03,0x05,0x40,
	0x03,0x16,0x20,0x03,0x06,0x2e,0x0a,0x09,0x03,0x0b,0x2e,0x11,0x40,0x0c,0x40,0x04,
	0x40,0x0c,0x40,0x03,0x14,0x20,0x03,0x07,0x2e,0x0a,0x0b,0x03,0x0a,0x2e,0x03,0x0d,
	0x20,0x40,0x40,0x40,0x09,0x40,0x0c,0x40,0x03,0x13,0x20,0x03,0x08,0x2e,0x0a,0x0c,
	0x03,0x09,0x2e,0x12,0x40,0x40,0x0d,0x40,0x0c,0x40,0x03,0x12,0x20,0x03,0x09,0x2e,
	0x0a,0x0d,0x03,0x08,0x2e,0x11,0x03,0x07,0x40,0x09,0x03,0x05,0x40,0x04,0x74,0x68,
	0x03,0x0e,0x20,0x03,0x08,0x2e,0x0a,0x0e,0x03,0x07,0x2e,0x0f,0x03,0x17,0x2d,0x12,
	0x03,0x08,0x2e,0x0a,0x10,0x03,0x05,0x2e,0x11,0x43,0x04,0x45,0x04,0x4e,0x04,0x54,
	0x04,0x55,0x04,0x52,0x04,0x59,0x13,0x03,0x07,0x2e,0x0a,0x11,0x03,0x04,0x2e,0x0f,
	0x03,0x17,0x2d,0x10,0x03,0x05,0x2e,0x0a,0x12,0x2e,0x2e,0x2e,0x0f,0x03,0x05,0x40,
	0x20,0x03,0x05,0x40,0x20,0x40,0x09,0x40,0x20,0x03,0x05,0x40,0x0f,0x2e,0x2e,0x2e,
	0x0a,0x13,0x3d,0x3d,0x11,0x40,0x09,0x40,0x0d,0x40,0x20,0x40,0x0b,0x40,0x11,0x3d,
	0x3d,0x0a,0x11,0x08,0x05,0x08,0x0f,0x40,0x09,0x03,0x04,0x40,0x0b,0x40,0x0c,0x40,
	0x0f,0x08,0x05,0x08,0x0a,0x10,0x7c,0x0d,0x7c,0x0e,0x40,0x09,0x40,0x0d,0x40,0x20,
	0x40,0x0b,0x40,0x0e,0x7c,0x0d,0x7c,0x0a,0x03,0x09,0x5f,0x7c,0x03,0x06,0x5f,0x7c,
	0x03,0x05,0x5f,0x04,0x40,0x09,0x03,0x05,0x40,0x20,0x40,0x09,0x40,0x09,0x40,0x04,
	0x03,0x05,0x5f,0x7c,0x03,0x06,0x5f,0x7c,0x03,0x09,0x5f,0x0a,0x03,0x0c,0x2e,0x03,
	0x0d,0x20,0x03,0x05,0x40,0x0b,0x03,0x05,0x40,0x03,0x16,0x20,0x03,0x06,0x2e,0x0a,
	0x20,0x03,0x0b,0x2e,0x13,0x40,0x0c,0x40,0x04,0x40,0x0c,0x40,0x03,0x14,0x20,0x03,
	0x07,0x2e,0x0a,0x09,0x03,0x0a,0x2e,0x03,0x0e,0x20,0x40,0x40,0x40,0x09,0x40,0x0c,
	0x40,0x03,0x13,0x20,0x03,0x08,0x2e,0x0a,0x0b,0x03,0x09,0x2e,0x13,0x40,0x40,0x0d,
	0x40,0x0c,0x40,0x03,0x12,0x20,0x03,0x09,0x2e,0x0a,0x0c,0x03,0x08,0x2e,0x12,0x03,
	0x07,0x40,0x09,0x03,0x05,0x40,0x04,0x74,0x68,0x03,0x0e,0x20,0x03,0x08,0x2e,0x0a,
	0x0d,0x03,0x08,0x2e,0x0f,0x03,0x17,0x2d,0x12,0x03,0x08,0x2e,0x0a,0x0e,0x03,0x07,
	0x2e,0x11,0x43,0x04,0x45,0x04,0x4e,0x04,0x54,0x04,0x55,0x04,0x52,0x04,0x59,0x13,
	0x03,0x07,0x2e,0x0a,0x10,0x03,0x05,0x2e,0x0f,0x03,0x17,0x2d,0x10,0x03,0x05,0x2e,
	0x0a,0x12,0x2e,0x2e,0x2e,0x0f,0x03,0x05,0x40,0x20,0x03,0x05,0x40,0x20,0x40,0x09,
	0x40,0x20,0x03,0x05,0x40,0x0f,0x2e,0x2e,0x2e,0x0a,0x13,0x3d,0x3d,0x11,0x40,0x09,
	0x40,0x0d,0x40,0x20,0x40,0x0b,0x40,0x11,0x3d,0x3d,0x0a,0x11,0x08,0x05,0x08,0x0f,
	0x40,0x09,0x03,0x04,0x40,0x0b,0x40,0x0c,0x40,0x0f,0x08,0x05,0x08,0x0a,0x10,0x7c,
	0x0d,0x7c,0x0e,0x40,0x09,0x40,0x0d,0x40,0x20,0x40,0x0b,0x40,0x0e,0x7c,0x0d,0x7c,
	0x0a,0x03,0x09,0x5f,0x7c,0x03,0x06,0x5f,0x7c,0x03,0x05,0x5f,0x04,0x40,0x09,0x03,
	0x05,0x40,0x20,0x40,0x09,0x40,0x09,0x40,0x04,0x03,0x05,0x5f,0x7c,0x03,0x06,0x5f,
	0x7c,0x03,0x09,0x5f,0x0a,0x03,0x0a,0x2e,0x03,0x0f,0x20,0x03,0x05,0x40,0x0b,0x03,
	0x05,0x40,0x03,0x15,0x20,0x03,0x07,0x2e,0x0a,0x03,0x0a,0x2e,0x03,0x0e,0x20,0x40,
	0x0c,0x40,0x04,0x40,0x0c,0x40,0x03,0x13,0x20,0x03,0x08,0x2e,0x0a,0x20,0x03,0x0a,
	0x2e,0x03,0x10,0x20,0x40,0x40,0x40,0x09,0x40,0x0c,0x40,0x03,0x12,0x20,0x03,0x08,
	0x2e,0x0a,0x09,0x03,0x08,0x2e,0x03,0x0e,0x20,0x40,0x40,0x0d,0x40,0x0c,0x40,0x03,
	0x11,0x20,0x03,0x08,0x2e,0x0a,0x0b,0x03,0x08,0x2e,0x13,0x03,0x07,0x40,0x09,0x03,
	0x05,0x40,0x04,0x74,0x68,0x03,0x0d,0x20,0x03,0x08,0x2e,0x0a,0x0c,0x03,0x07,0x2e,
	0x11,0x03,0x17,0x2d,0x12,0x03,0x07,0x2e,0x0a,0x0e,0x03,0x06,0x2e,0x12,0x43,0x04,
	0x45,0x04,0x4e,0x04,0x54,0x04,0x55,0x04,0x52,0x04,0x59,0x13,0x03,0x06,0x2e,0x0a,
	0x10,0x03,0x04,0x2e,0x10,0x03,0x17,0x2d,0x10,0x03,0x05,0x2e,0x0a,0x12,0x2e,0x2e,
	0x2e,0x0f,0x03,0x05,0x40,0x20,0x03,0x05,0x40,0x20,0x40,0x09,0x40,0x20,0x03,0x05,
	0x40,0x0f,0x2e,0x2e,0x2e,0x0a,0x13,0x3d,0x3d,0x11,0x40,0x09,0x40,0x0d,0x40,0x20,
	0x40,0x0b,0x40,0x11,0x3d,0x3d,0x0a,0x11,0x08,0x05,0x08,0x0f,0x40,0x09,0x03,0x04,
	0x40,0x0b,0x40,0x0c,0x40,0x0f,0x08,0x05,0x08,0x0a,0x10,0x7c,0x0d,0x7c,0x0e,0x40,
	0x09,0x40,0x0d,0x40,0x20,0x40,0x0b,0x40,0x0e,0x7c,0x0d,0x7c,0x0a,0x03,0x09,0x5f,
	0x7c,0x03,0x06,0x5f,0x7c,0x03,0x05,0x5f,0x04,0x40,0x09,0x03,0x05,0x40,0x20,0x40,
	0x09,0x40,0x09,0x40,0x04,0x03,0x05,0x5f,0x7c,0x03,0x06,0x5f,0x7c,0x03,0x09,0x5f,
	0x0a,0x03,0x07,0x2e,0x03,0x12,0x20,0x03,0x05,0x40,0x0b,0x03,0x05,0x40,0x03,0x13,
	0x20,0x03,0x09,0x2e,0x0a,0x03,0x08,0x2e,0x03,0x10,0x20,0x40,0x0c,0x40,0x04,0x40,
	0x0c,0x40,0x03,0x11,0x20,0x03,0x09,0x2e,0x0a,0x03,0x09,0x2e,0x03,0x12,0x20,0x40,
	0x40,0x40,0x09,0x40,0x0c,0x40,0x03,0x10,0x20,0x03,0x09,0x2e,0x0a,0x20,0x03,0x09,
	0x2e,0x03,0x0f,0x20,0x40,0x40,0x0d,0x40,0x0c,0x40,0x03,0x10,0x20,0x03,0x08,0x2e,
	0x0a,0x09,0x03,0x07,0x2e,0x03,0x0e,0x20,0x03,0x07,0x40,0x09,0x03,0x05,0x40,0x04,
	0x74,0x68,0x13,0x03,0x08,0x2e,0x0a,0x0b,0x03,0x07,0x2e,0x12,0x03,0x17,0x2d,0x11,
	0x03,0x06,0x2e,0x0a,0x0d,0x03,0x06,0x2e,0x13,0x43,0x04,0x45,0x04,0x4e,0x04,0x54,
	0x04,0x55,0x04,0x52,0x04,0x59,0x12,0x03,0x05,0x2e,0x0a,0x0f,0x03,0x05,0x2e,0x10,
	0x03,0x17,0x2d,0x10,0x03,0x04,0x2e,0x0a,0x12,0x2e,0x2e,0x2e,0x0f,0x03,0x05,0x40,
	0x20,0x03,0x05,0x40,0x20,0x40,0x09,0x40,0x20,0x03,0x05,0x40,0x0f,0x2e,0x2e,0x2e,
	0x0a,0x13,0x3d,0x3d,0x11,0x40,0x09,0x40,0x0d,0x40,0x20,0x40,0x0b,0x40,0x11,0x3d,
	0x3d,0x0a,0x11,0x08,0x05,0x08,0x0f,0x40,0x09,0x03,0x04,0x40,0x0b,0x40,0x0c,0x40,
	0x0f,0x08,0x05,0x08,0x0a,0x10,0x7c,0x0d,0x7c,0x0e,0x40,0x09,0x40,0x0d,0x40,0x20,
	0x40,0x0b,0x40,0x0e,0x7c,0x0d,0x7c,0x0a,0x03,0x09,0x5f,0x7c,0x03,0x06,0x5f,0x7c,
	0x03,0x05,0x5f,0x04,0x40,0x09,0x03,0x05,0x40,0x20,0x40,0x09,0x40,0x09,0x40,0x04,
	0x03,0x05,0x5f,0x7c,0x03,0x06,0x5f,0x7c,0x03,0x09,0x5f,0x0a,0x03,0x05,0x2e,0x03,
	0x14,0x20,0x03,0x05,0x40,0x0b,0x03,0x05,0x40,0x03,0x11,0x20,0x03,0x08,0x2e,0x0a,
	0x03,0x06,0x2e,0x03,0x12,0x20,0x40,0x0c,0x40,0x04,0x40,0x0c,0x40,0x03,0x0f,0x20,
	0x03,0x08,0x2e,0x0a,0x03,0x07,0x2e,0x03,0x14,0x20,0x40,0x40,0x40,0x09,0x40,0x0c,
	0x40,0x03,0x0f,0x20,0x03,0x08,0x2e,0x0a,0x03,0x08,0x2e,0x03,0x11,0x20,0x40,0x40,
	0x0d,0x40,0x0c,0x40,0x03,0x0e,0x20,0x03,0x08,0x2e,0x0a,0x20,0x03,0x08,0x2e,0x03,
	0x0f,0x20,0x03,0x07,0x40,0x09,0x03,0x05,0x40,0x04,0x74,0x68,0x12,0x03,0x07,0x2e,
	0x0a,0x09,0x03,0x07,0x2e,0x13,0x03,0x17,0x2d,0x10,0x03,0x05,0x2e,0x0a,0x0c,0x03,
	0x06,0x2e,0x03,0x0d,0x20,0x43,0x04,0x45,0x04,0x4e,0x04,0x54,0x04,0x55,0x04,0x52,
	0x04,0x59,0x11,0x03,0x05,0x2e,0x0a,0x0e,0x03,0x05,0x2e,0x11,0x03,0x17,0x2d,0x0f,
	0x03,0x04,0x2e,0x0a,0x11,0x2e,0x2e,0x2e,0x10,0x03,0x05,0x40,0x20,0x03,0x05,0x40,
	0x20,0x40,0x09,0x40,0x20,0x03,0x05,0x40,0x0f,0x2e,0x2e,0x2e,0x0a,0x13,0x3d,0x3d,
	0x11,0x40,0x09,0x40,0x0d,0x40,0x20,0x40,0x0b,0x40,0x11,0x3d,0x3d,0x0a,0x11,0x08,
	0x05,0x08,0x0f,0x40,0x09,0x03,0x04,0x40,0x0b,0x40,0x0c,0x40,0x0f,0x08,0x05,0x08,
	0x0a,0x10,0x7c,0x0d,0x7c,0x0e,0x40,0x09,0x40,0x0d,0x40,0x20,0x40,0x0b,0x40,0x0e,
	0x7c,0x0d,0x7c,0x0a,0x03,0x09,0x5f,0x7c,0x03,0x06,0x5f,0x7c,0x03,0x05,0x5f,0x04,
	0x40,0x09,0x03,0x05,0x40,0x20,0x40,0x09,0x40,0x09,0x40,0x04,0x03,0x05,0x5f,0x7c,
	0x03,0x06,0x5f,0x7c,0x03,0x09,0x5f,0x0a,0x03,0x05,0x2e,0x03,0x14,0x20,0x03,0x05,
	0x40,0x0b,0x03,0x05,0x40,0x03,0x0e,0x20,0x03,0x0b,0x2e,0x0a,0x03,0x06,0x2e,0x03,
	0x12,0x20,0x40,0x0c,0x40,0x04,0x40,0x0c,0x40,0x03,0x0d,0x20,0x03,0x0a,0x2e,0x0a,
	0x03,0x07,0x2e,0x03,0x14,0x20,0x40,0x40,0x40,0x09,0x40,0x0c,0x40,0x03,0x0d,0x20,
	0x03,0x09,0x2e,0x0a,0x03,0x08,0x2e,0x03,0x11,0x20,0x40,0x40,0x0d,0x40,0x0c,0x40,
	0x03,0x0d,0x20,0x03,0x08,0x2e,0x0a,0x20,0x03,0x08,0x2e,0x03,0x0f,0x20,0x03,0x07,
	0x40,0x09,0x03,0x05,0x40,0x04,0x74,0x68,0x11,0x03,0x07,0x2e,0x0a,0x09,0x03,0x07,
	0x2e,0x13,0x03,0x17,0x2d,0x0f,0x03,0x06,0x2e,0x0a,0x0c,0x03,0x06,0x2e,0x03,0x0d,
	0x20,0x43,0x04,0x45,0x04,0x4e,0x04,0x54,0x04,0x55,0x04,0x52,0x04,0x59,0x11,0x03,
	0x05,0x2e,0x0a,0x0e,0x03,0x05,0x2e,0x11,0x03,0x17,0x2d,0x0f,0x03,0x04,0x2e,0x0a,
	0x11,0x2e,0x2e,0x2e,0x10,0x03,0x05,0x40,0x20,0x03,0x05,0x40,0x20,0x40,0x09,0x40,
	0x20,0x03,0x05,0x40,0x0f,0x2e,0x2e,0x2e,0x0a,0x13,0x3d,0x3d,0x11,0x40,0x09,0x40,
	0x0d,0x40,0x20,0x40,0x0b,0x40,0x11,0x3d,0x3d,0x0a,0x11,0x08,0x05,0x08,0x0f,0x40,
	0x09,0x03,0x04,0x40,0x0b,0x40,0x0c,0x40,0x0f,0x08,0x05,0x08,0x0a,0x10,0x7c,0x0d,
	0x7c,0x0e,0x40,0x09,0x40,0x0d,0x40,0x20,0x40,0x0b,0x40,0x0e,0x7c,0x0d,0x7c,0x0a,
	0x03,0x09,0x5f,0x7c,0x03,0x06,0x5f,0x7c,0x03,0x05,0x5f,0x04,0x40,0x09,0x03,0x05,
	0x40,0x20,0x40,0x09,0x40,0x09,0x40,0x04,0x03,0x05,0x5f,0x7c,0x03,0x06,0x5f,0x7c,
	0x03,0x09,0x5f,0x0a,0x0a,0x0a,0x0a,0x0a,0x0a,0x0a,0x0a,0x0a,0x0a,0x0a,0x0a,0x0a,
	0x0a,0x0a,0x0a,0x0a,0x0a,0x03,0x12,0x20,0x41,0x20,0x6c,0x6f,0x6e,0x67,0x20,0x74,
	0x69,0x6d,0x65,0x20,0x61,0x67,0x6f,0x20,0x69,0x6e,0x20,0x61,0x20,0x67,0x61,0x6c,
	0x61,0x78,0x79,0x20,0x66,0x61,0x72,0x2c,0x0a,0x03,0x12,0x20,0x66,0x61,0x72,0x20,
	0x61,0x77,0x61,0x79,0x03,0x04,0x2e,0x0a,0x0a,0x0a,0x0a,0x0a,0x0a,0x0a,0x0a,0x0a,
	0x0a,0x0a,0x0a,0x0a,0x0a,0x0a,0x0a,0x0a,0x0a,0x0a,0x0a,0x0a,0x0a,0x03,0x14,0x20,
	0x03,0x0a,0x38,0x04,0x38,0x38,0x38,0x0b,0x03,0x05,0x38,0x0a,0x03,0x13,0x20,0x38,
	0x38,0x0c,0x38,0x38,0x09,0x38,0x38,0x20,0x38,0x38,0x09,0x38,0x38,0x04,0x38,0x38,
	0x0a,0x03,0x14,0x20,0x03,0x04,0x38,0x04,0x38,0x38,0x04,0x38,0x38,0x09,0x38,0x38,
	0x04,0x03,0x05,0x38,0x0a,0x03,0x17,0x20,0x38,0x38,0x20,0x38,0x38,0x20,0x03,0x09,
	0x38,0x20,0x38,0x38,0x09,0x38,0x38,0x0a,0x03,0x10,0x20,0x03,0x08,0x38,0x04,0x38,
	0x38,0x20,0x38,0x38,0x0c,0x38,0x38,0x20,0x38,0x38,0x0b,0x03,0x06,0x38,0x0a,0x0a,
	0x03,0x10,0x20,0x38,0x38,0x04,0x38,0x38,0x04,0x38,0x38,0x09,0x38,0x38,0x38,0x0b,
	0x03,0x05,0x38,0x0b,0x03,0x06,0x38,0x0a,0x03,0x10,0x20,0x38,0x38,0x04,0x38,0x38,
	0x04,0x38,0x38,0x04,0x38,0x38,0x20,0x38,0x38,0x09,0x38,0x38,0x04,0x38,0x38,0x04,
	0x38,0x38,0x0a,0x03,0x10,0x20,0x38,0x38,0x20,0x03,0x04,0x38,0x20,0x38,0x38,0x20,
	0x38,0x38,0x09,0x38,0x38,0x04,0x03,0x05,0x38,0x0b,0x03,0x04,0x38,0x0a,0x03,0x11,
	0x20,0x38,0x38,0x38,0x04,0x38,0x38,0x38,0x20,0x03,0x09,0x38,0x20,0x38,0x38,0x09,
	0x38,0x38,0x0c,0x38,0x38,0x0a,0x03,0x12,0x20,0x38,0x38,0x04,0x38,0x38,0x04,0x38,
	0x38,0x0c,0x38,0x38,0x20,0x38,0x38,0x0b,0x03,0x07,0x38,0x0a,0x0a,0x0a,0x0a,0x0a,
	0x0a,0x0a,0x0a,0x0a,0x0a,0x0a,0x0a,0x0a,0x0a,0x0a,0x0a,0x0a,0x0a,0x0a,0x0a,0x0a,
	0x0a,0x0a,0x0a,0x0a,0x0a,0x0a,0x03,0x1a,0x20,0x45,0x20,0x70,0x20,0x69,0x20,0x73,
	0x20,0x6f,0x20,0x64,0x20,0x65,0x20,0x49,0x20,0x56,0x0a,0x0a,0x0a,0x0a,0x0a,0x0a,
	0x0a,0x0a,0x0a,0x0a,0x0a,0x0a,0x03,0x1a,0x20,0x45,0x20,0x70,0x20,0x69,0x20,0x73,
	0x20,0x6f,0x20,0x64,0x20,0x65,0x20,0x49,0x20,0x56,0x0a,0x0a,0x0a,0x0a,0x0a,0x0a,
	0x0a,0x0a,0x0a,0x0a,0x0a,0x0a,0x03,0x1a,0x20,0x45,0x20,0x70,0x20,0x69,0x20,0x73,
	0x20,0x6f,0x20,0x64,0x20,0x65,0x20,0x49,0x20,0x56,0x0a,0x0a,0x0a,0x0a,0x0a,0x0a,
	0x0a,0x0a,0x0a,0x0a,0x0a,0x0a,0x03,0x1a,0x20,0x45,0x20,0x70,0x20,0x69,0x20,0x73,
	0x20,0x6f,0x20,0x64,0x20,0x65,0x20,0x49,0x20,0x56,0x0a,0x0a,0x0a,0x03,0x19,0x20,
	0x41,0x09,0x4e,0x20,0x45,0x20,0x57,0x09,0x48,0x20,0x4f,0x20,0x50,0x20,0x45,0x0a,
	0x0a,0x0a,0x0a,0x0a,0x0a,0x0a,0x0a,0x0a,0x03,0x1a,0x20,0x45,0x20,0x70,0x20,0x69,
	0x20,0x73,0x20,0x6f,0x20,0x64,0x20,0x65,0x20,0x49,0x20,0x56,0x0a,0x0a,0x0a,0x03,
	0x19,0x20,0x41,0x09,0x4e,0x20,0x45,0x20,0x57,0x09,0x48,0x20,0x4f,0x20,0x50,0x20,
	0x45,0x0a,0x0a,0x0a,0x0a,0x0a,0x0a,0x0a,0x0a,0x0a,0x03,0x1a,0x20,0x45,0x20,0x70,
	0x20,0x69,0x20,0x73,0x20,0x6f,0x20,0x64,0x20,0x65,0x20,0x49,0x20,0x56,0x0a,0x0a,
	0x0a,0x03,0x19,0x20,0x41,0x09,0x4e,0x20,0x45,0x20,0x57,0x09,0x48,0x20,0x4f,0x20,
	0x50,0x20,0x45,0x0a,0x0a,0x0a,0x0a,0x0a,0x0a,0x0a,0x0a,0x0a,0x03,0x1a,0x20,0x45,
	0x20,0x70,0x20,0x69,0x20,0x73,0x20,0x6f,0x20,0x64,0x20,0x65,0x20,0x49,0x20,0x56,
	0x0a,0x0a,0x0a,0x03,0x19,0x20,0x41,0x09,0x4e,0x20,0x45,0x20,0x57,0x09,0x48,0x20,
	0x4f,0x20,0x50,0x20,0x45,0x0a,0x0a,0x0a,0x0a,0x0a,0x0a,0x0a,0x0a,0x0a,0x03,0x1a,
	0x20,0x45,0x20,0x70,0x20,0x69,0x20,0x73,0x20,0x6f,0x20,0x64,0x20,0x65,0x20,0x49,
	0x20,0x56,0x0a,0x0a,0x0a,0x03,0x19,0x20,0x41,0x09,0x4e,0x20,0x45,0x20,0x57,0x09,
	0x48,0x20,0x4f,0x20,0x50,0x20,0x45,0x0a,0x0a,0x0a,0x0e,0x49,0x20,0x74,0x04,0x69,
	0x20,0x73,0x09,0x61,0x09,0x70,0x20,0x65,0x20,0x72,0x20,0x69,0x20,0x6f,0x20,0x64,
	0x09,0x6f,0x20,0x66,0x09,0x63,0x20,0x69,0x20,0x76,0x20,0x69,0x20,0x6c,0x09,0x77,
	0x20,0x61,0x20,0x72,0x2e,0x0a,0x0a,0x0a,0x0a,0x0a,0x0a,0x03,0x1a,0x20,0x45,0x20,
	0x70,0x20,0x69,0x20,0x73,0x20,0x6f,0x20,0x64,0x20,0x65,0x20,0x49,0x20,0x56,0x0a,
	0x0a,0x0a,0x03,0x19,0x20,0x41,0x09,0x4e,0x20,0x45,0x20,0x57,0x09,0x48,0x20,0x4f,
	0x20,0x50,0x20,0x45,0x0a,0x0a,0x0a,0x0e,0x49,0x20,0x74,0x04,0x69,0x20,0x73,0x09,
	0x61,0x09,0x70,0x20,0x65,0x20,0x72,0x20,0x69,0x20,0x6f,0x20,0x64,0x09,0x6f,0x20,
	0x66,0x09,0x63,0x20,0x69,0x20,0x76,0x20,0x69,0x20,0x6c,0x09,0x77,0x20,0x61,0x20,
	0x72,0x2e,0x0a,0x0a,0x0a,0x0a,0x0a,0x0a,0x03,0x1a,0x20,0x45,0x20,0x70,0x20,0x69,
	0x20,0x73,0x20,0x6f,0x20,0x64,0x20,0x65,0x20,0x49,0x20,0x56,0x0a,0x0a,0x0a,0x03,
	0x19,0x20,0x41,0x09,0x4e,0x20,0x45,0x20,0x57,0x09,0x48,0x20,0x4f,0x20,0x50,0x20,
	0x45,0x0a,0x0a,0x0a,0x0e,0x49,0x20,0x74,0x04,0x69,0x20,0x73,0x09,0x61,0x09,0x70,
	0x20,0x65,0x20,0x72,0x20,0x69,0x20,0x6f,0x20,0x64,0x09,0x6f,0x20,0x66,0x09,0x63,
	0x20,0x69,0x20,0x76,0x20,0x69,0x20,0x6c,0x09,0x77,0x20,0x61,0x20,0x72,0x2e,0x0a,
	0x0a,0x0e,0x52,0x20,0x65,0x20,0x62,0x20,0x65,0x20,0x6c,0x0b,0x73,0x20,0x70,0x20,
	0x61,0x20,0x63,0x20,0x65,0x20,0x73,0x20,0x68,0x20,0x69,0x20,0x70,0x20,0x73,0x20,
	0x2c,0x09,0x73,0x20,0x74,0x20,0x72,0x20,0x69,0x20,0x6b,0x20,0x69,0x20,0x6e,0x20,
	0x67,0x0a,0x0a,0x0a,0x0a,0x03,0x1a,0x20,0x45,0x20,0x70,0x20,0x69,0x20,0x73,0x20,
	0x6f,0x20,0x64,0x20,0x65,0x20,0x49,0x20,0x56,0x0a,0x0a,0x0a,0x03,0x19,0x20,0x41,
	0x09,0x4e,0x20,0x45,0x20,0x57,0x09,0x48,0x20,0x4f,0x20,0x50,0x20,0x45,0x0a,0x0a,
	0x0a,0x0e,0x49,0x20,0x74,0x04,0x69,0x20,0x73,0x09,0x61,0x09,0x70,0x20,0x65,0x20,
	0x72,0x20,0x69,0x20,0x6f,0x20,0x64,0x09,0x6f,0x20,0x66,0x09,0x63,0x20,0x69,0x20,
	0x76,0x20,0x69,0x20,0x6c,0x09,0x77,0x20,0x61,0x20,0x72,0x2e,0x0a,0x0a,0x0e,0x52,
	0x20,0x65,0x20,0x62,0x20,0x65,0x20,0x6c,0x0b,0x73,0x20,0x70,0x20,0x61,0x20,0x63,
	0x20,0x65,0x20,0x73,0x20,0x68,0x20,0x69,0x20,0x70,0x20,0x73,0x20,0x2c,0x09,0x73,
	0x20,0x74,0x20,0x72,0x20,0x69,0x20,0x6b,0x20,0x69,0x20,0x6e,0x20,0x67,0x0a,0x0a,
	0x0e,0x66,0x20,0x72,0x20,0x6f,0x20,0x6d,0x09,0x61,0x04,0x68,0x20,0x69,0x20,0x64,
	0x20,0x64,0x20,0x65,0x20,0x6e,0x09,0x62,0x20,0x61,0x20,0x73,0x20,0x65,0x20,0x2c,
	0x04,0x68,0x20,0x61,0x20,0x76,0x20,0x65,0x04,0x77,0x20,0x6f,0x20,0x6e,0x0a,0x0a,
	0x03,0x1a,0x20,0x45,0x20,0x70,0x20,0x69,0x20,0x73,0x20,0x6f,0x20,0x64,0x20,0x65,
	0x20,0x49,0x20,0x56,0x0a,0x0a,0x0a,0x03,0x19,0x20,0x41,0x09,0x4e,0x20,0x45,0x20,
	0x57,0x09,0x48,0x20,0x4f,0x20,0x50,0x20,0x45,0x0a,0x0a,0x0a,0x0e,0x49,0x20,0x74,
	0x04,0x69,0x20,0x73,0x09,0x61,0x09,0x70,0x20,0x65,0x20,0x72,0x20,0x69,0x20,0x6f,
	0x20,0x64,0x09,0x6f,0x20,0x66,0x09,0x63,0x20,0x69,0x20,0x76,0x20,0x69,0x20,0x6c,
	0x09,0x77,0x20,0x61,0x20,0x72,0x2e,0x0a,0x0a,0x0e,0x52,0x20,0x65,0x20,0x62,0x20,
	0x65,0x20,0x6c,0x0b,0x73,0x20,0x70,0x20,0x61,0x20,0x63,0x20,0x65,0x20,0x73,0x20,
	0x68,0x20,0x69,0x20,0x70,0x20,0x73,0x20,0x2c,0x09,0x73,0x20,0x74,0x20,0x72,0x20,
	0x69,0x20,0x6b,0x20,0x69,0x20,0x6e,0x20,0x67,0x0a,0x0a,0x0e,0x66,0x20,0x72,0x20,
	0x6f,0x20,0x6d,0x09,0x61,0x04,0x68,0x20,0x69,0x20,0x64,0x20,0x64,0x20,0x65,0x20,
	0x6e,0x09,0x62,0x20,0x61,0x20,0x73,0x20,0x65,0x20,0x2c,0x04,0x68,0x20,0x61,0x20,
	0x76,0x20,0x65,0x04,0x77,0x20,0x6f,0x20,0x6e,0x0a,0x0a,0x03,0x1a,0x20,0x45,0x20,
	0x70,0x20,0x69,0x20,0x73,0x20,0x6f,0x20,0x64,0x20,0x65,0x20,0x49,0x20,0x56,0x0a,
	0x0a,0x0a,0x03,0x19,0x20,0x41,0x09,0x4e,0x20,0x45,0x20,0x57,0x09,0x48,0x20,0x4f,
	0x20,0x50,0x20,0x45,0x0a,0x0a,0x0a,0x0e,0x49,0x20,0x74,0x04,0x69,0x20,0x73,0x09,
	0x61,0x09,0x70,0x20,0x65,0x20,0x72,0x20,0x69,0x20,0x6f,0x20,0x64,0x09,0x6f,0x20,
	0x66,0x09,0x63,0x20,0x69,0x20,0x76,0x20,0x69,0x20,0x6c,0x09,0x77,0x20,0x61,0x20,
	0x72,0x2e,0x0a,0x0a,0x0e,0x52,0x20,0x65,0x20,0x62,0x20,0x65,0x20,0x6c,0x0b,0x73,
	0x20,0x70,0x20,0x61,0x20,0x63,0x20,0x65,0x20,0x73,0x20,0x68,0x20,0x69,0x20,0x70,
	0x20,0x73,0x20,0x2c,0x09,0x73,0x20,0x74,0x20,0x72,0x20,0x69,0x20,0x6b,0x20,0x69,
	0x20,0x6e,0x20,0x67,0x0a,0x0a,0x0e,0x66,0x20,0x72,0x20,0x6f,0x20,0x6d,0x09,0x61,
	0x04,0x68,0x20,0x69,0x20,0x64,0x20,0x64,0x20,0x65,0x20,0x6e,0x09,0x62,0x20,0x61,
	0x20,0x73,0x20,0x65,0x20,0x2c,0x04,0x68,0x20,0x61,0x20,0x76,0x20,0x65,0x04,0x77,
	0x20,0x6f,0x20,0x6e,0x0a,0x0a,0x0e,0x74,0x20,0x68,0x20,0x65,0x20,0x69,0x20,0x72,
	0x09,0x66,0x20,0x69,0x20,0x72,0x20,0x73,0x20,0x74,0x04,0x76,0x20,0x69,0x20,0x63,
	0x20,0x74,0x20,0x6f,0x20,0x72,0x20,0x79,0x09,0x61,0x20,0x67,0x20,0x61,0x20,0x69,
	0x20,0x6e,0x20,0x73,0x20,0x74,0x0a,0x0a,0x0a,0x03,0x19,0x20,0x41,0x09,0x4e,0x20,
	0x45,0x20,0x57,0x09,0x48,0x20,0x4f,0x20,0x50,0x20,0x45,0x0a,0x0a,0x0a,0x0e,0x49,
	0x20,0x74,0x04,0x69,0x20,0x73,0x09,0x61,0x09,0x70,0x20,0x65,0x20,0x72,0x20,0x69,
	0x20,0x6f,0x20,0x64,0x09,0x6f,0x20,0x66,0x09,0x63,0x20,0x69,0x20,0x76,0x20,0x69,
	0x20,0x6c,0x09,0x77,0x20,0x61,0x20,0x72,0x2e,0x0a,0x0a,0x0e,0x52,0x20,0x65,0x20,
	0x62,0x20,0x65,0x20,0x6c,0x0b,0x73,0x20,0x70,0x20,0x61,0x20,0x63,0x20,0x65,0x20,
	0x73,0x20,0x68,0x20,0x69,0x20,0x70,0x20,0x73,0x20,0x2c,0x09,0x73,0x20,0x74,0x20,
	0x72,0x20,0x69,0x20,0x6b,0x20,0x69,0x20,0x6e,0x20,0x67,0x0a,0x0a,0x0e,0x66,0x20,
	0x72,0x20,0x6f,0x20,0x6d,0x09,0x61,0x04,0x68,0x20,0x69,0x20,0x64,0x20,0x64,0x20,
	0x65,0x20,0x6e,0x09,0x62,0x20,0x61,0x20,0x73,0x20,0x65,0x20,0x2c,0x04,0x68,0x20,
	0x61,0x20,0x76,0x20,0x65,0x04,0x77,0x20,0x6f,0x20,0x6e,0x0a,0x0a,0x0e,0x74,0x20,
	0x68,0x20,0x65,0x20,0x69,0x20,0x72,0x09,0x66,0x20,0x69,0x20,0x72,0x20,0x73,0x20,
	0x74,0x04,0x76,0x20,0x69,0x20,0x63,0x20,0x74,0x20,0x6f,0x20,0x72,0x20,0x79,0x09,
	0x61,0x20,0x67,0x20,0x61,0x20,0x69,0x20,0x6e,0x20,0x73,0x20,0x74,0x0a,0x0a,0x0a,
	0x03,0x19,0x20,0x41,0x09,0x4e,0x20,0x45,0x20,0x57,0x09,0x48,0x20,0x4f,0x20,0x50,
	0x20,0x45,0x0a,0x0a,0x0a,0x0e,0x49,0x20,0x74,0x04,0x69,0x20,0x73,0x09,0x61,0x09,
	0x70,0x20,0x65,0x20,0x72,0x20,0x69,0x20,0x6f,0x20,0x64,0x09,0x6f,0x20,0x66,0x09,
	0x63,0x20,0x69,0x20,0x76,0x20,0x69,0x20,0x6c,0x09,0x77,0x20,0x61,0x20,0x72,0x2e,
	0x0a,0x0a,0x0e,0x52,0x20,0x65,0x20,0x62,0x20,0x65,0x20,0x6c,0x0b,0x73,0x20,0x70,
	0x20,0x61,0x20,0x63,0x20,0x65,0x20,0x73,0x20,0x68,0x20,0x69,0x20,0x70,0x20,0x73,
	0x20,0x2c,0x09,0x73,0x20,0x74,0x20,0x72,0x20,0x69,0x20,0x6b,0x20,0x69,0x20,0x6e,
	0x20,0x67,0x0a,0x0a,0x0e,0x66,0x20,0x72,0x20,0x6f,0x20,0x6d,0x09,0x61,0x04,0x68,
	0x20,0x69,0x20,0x64,0x20,0x64,0x20,0x65,0x20,0x6e,0x09,0x62,0x20,0x61,0x20,0x73,
	0x20,0x65,0x20,0x2c,0x04,0x68,0x20,0x61,0x20,0x76,0x20,0x65,0x04,0x77,0x20,0x6f,
	0x20,0x6e,0x0a,0x0a,0x0e,0x74,0x20,0x68,0x20,0x65,0x20,0x69,0x20,0x72,0x09,0x66,
	0x20,0x69,0x20,0x72,0x20,0x73,0x20,0x74,0x04,0x76,0x20,0x69,0x20,0x63,0x20,0x74,
	0x20,0x6f,0x20,0x72,0x20,0x79,0x09,0x61,0x20,0x67,0x20,0x61,0x20,0x69,0x20,0x6e,
	0x20,0x73,0x20,0x74,0x0a,0x0a,0x0e,0x74,0x20,0x68,0x20,0x65,0x09,0x65,0x20,0x76,
	0x20,0x69,0x20,0x6c,0x09,0x47,0x20,0x61,0x20,0x6c,0x20,0x61,0x20,0x63,0x20,0x74,
	0x20,0x69,0x20,0x63,0x09,0x45,0x20,0x6d,0x20,0x70,0x20,0x69,0x20,0x72,0x20,0x65,
	0x2e,0x0a,0x03,0x19,0x20,0x41,0x09,0x4e,0x20,0x45,0x20,0x57,0x09,0x48,0x20,0x4f,
	0x20,0x50,0x20,0x45,0x0a,0x0a,0x0a,0x0e,0x49,0x20,0x74,0x04,0x69,0x20,0x73,0x09,
	0x61,0x09,0x70,0x20,0x65,0x20,0x72,0x20,0x69,0x20,0x6f,0x20,0x64,0x09,0x6f,0x20,
	0x66,0x09,0x63,0x20,0x69,0x20,0x76,0x20,0x69,0x20,0x6c,0x09,0x77,0x20,0x61,0x20,
	0x72,0x2e,0x0a,0x0a,0x0e,0x52,0x20,0x65,0x20,0x62,0x20,0x65,0x20,0x6c,0x0b,0x73,
	0x20,0x70,0x20,0x61,0x20,0x63,0x20,0x65,0x20,0x73,0x20,0x68,0x20,0x69,0x20,0x70,
	0x20,0x73,0x20,0x2c,0x09,0x73,0x20,0x74,0x20,0x72,0x20,0x69,0x20,0x6b,0x20,0x69,
	0x20,0x6e,0x20,0x67,0x0a,0x0a,0x0e,0x66,0x20,0x72,0x20,0x6f,0x20,0x6d,0x09,0x61,
	0x04,0x68,0x20,0x69,0x20,0x64,0x20,0x64,0x20,0x65,0x20,0x6e,0x09,0x62,0x20,0x61,
	0x20,0x73,0x20,0x65,0x20,0x2c,0x04,0x68,0x20,0x61,0x20,0x76,0x20,0x65,0x04,0x77,
	0x20,0x6f,0x20,0x6e,0x0a,0x0a,0x0e,0x74,0x20,0x68,0x20,0x65,0x20,0x69,0x20,0x72,
	0x09,0x66,0x20,0x69,0x20,0x72,0x20,0x73,0x20,0x74,0x04,0x76,0x20,0x69,0x20,0x63,
	0x20,0x74,0x20,0x6f,0x20,0x72,0x20,0x79,0x09,0x61,0x20,0x67,0x20,0x61,0x20,0x69,
	0x20,0x6e,0x20,0x73,0x20,0x74,0x0a,0x0a,0x0e,0x74,0x20,0x68,0x20,0x65,0x09,0x65,
	0x20,0x76,0x20,0x69,0x20,0x6c,0x09,0x47,0x20,0x61,0x20,0x6c,0x20,0x61,0x20,0x63,
	0x20,0x74,0x20,0x69,0x20,0x63,0x09,0x45,0x20,0x6d,0x20,0x70,0x20,0x69,0x20,0x72,
	0x20,0x65,0x2e,0x0a,0x0a,0x0a,0x0a,0x0e,0x49,0x20,0x74,0x04,0x69,0x20,0x73,0x09,
	0x61,0x09,0x70,0x20,0x65,0x20,0x72,0x20,0x69,0x20,0x6f,0x20,0x64,0x09,0x6f,0x20,
	0x66,0x09,0x63,0x20,0x69,0x20,0x76,0x20,0x69,0x20,0x6c,0x09,0x77,0x20,0x61,0x20,
	0x72,0x2e,0x0a,0x0a,0x0e,0x52,0x20,0x65,0x20,0x62,0x20,0x65,0x20,0x6c,0x0b,0x73,
	0x20,0x70,0x20,0x61,0x20,0x63,0x20,0x65,0x20,0x73,0x20,0x68,0x20,0x69,0x20,0x70,
	0x20,0x73,0x20,0x2c,0x09,0x73,0x20,0x74,0x20,0x72,0x20,0x69,0x20,0x6b,0x20,0x69,
	0x20,0x6e,0x20,0x67,0x0a,0x0a,0x0e,0x66,0x20,0x72,0x20,0x6f,0x20,0x6d,0x09,0x61,
	0x04,0x68,0x20,0x69,0x20,0x64,0x20,0x64,0x20,0x65,0x20,0x6e,0x09,0x62,0x20,0x61,
	0x20,0x73,0x20,0x65,0x20,0x2c,0x04,0x68,0x20,0x61,0x20,0x76,0x20,0x65,0x04,0x77,
	0x20,0x6f,0x20,0x6e,0x0a,0x0a,0x0e,0x74,0x20,0x68,0x20,0x65,0x20,0x69,0x20,0x72,
	0x09,0x66,0x20,0x69,0x20,0x72,0x20,0x73,0x20,0x74,0x04,0x76,0x20,0x69,0x20,0x63,
	0x20,0x74,0x20,0x6f,0x20,0x72,0x20,0x79,0x09,0x61,0x20,0x67,0x20,0x61,0x20,0x69,
	0x20,0x6e,0x20,0x73,0x20,0x74,0x0a,0x0a,0x0e,0x74,0x20,0x68,0x20,0x65,0x09,0x65,
	0x20,0x76,0x20,0x69,0x20,0x6c,0x09,0x47,0x20,0x61,0x20,0x6c,0x20,0x61,0x20,0x63,
	0x20,0x74,0x20,0x69,0x20,0x63,0x09,0x45,0x20,0x6d,0x20,0x70,0x20,0x69,0x20,0x72,
	0x20,0x65,0x2e,0x0a,0x0a,0x0a,0x0a,0x0e,0x49,0x20,0x74,0x04,0x69,0x20,0x73,0x09,
	0x61,0x09,0x70,0x20,0x65,0x20,0x72,0x20,0x69,0x20,0x6f,0x20,0x64,0x09,0x6f,0x20,
	0x66,0x09,0x63,0x20,0x69,0x20,0x76,0x20,0x69,0x20,0x6c,0x09,0x77,0x20,0x61,0x20,
	0x72,0x2e,0x0a,0x0a,0x0e,0x52,0x20,0x65,0x20,0x62,0x20,0x65,0x20,0x6c,0x0b,0x73,
	0x20,0x70,0x20,0x61,0x20,0x63,0x20,0x65,0x20,0x73,0x20,0x68,0x20,0x69,0x20,0x70,
	0x20,0x73,0x20,0x2c,0x09,0x73,0x20,0x74,0x20,0x72,0x20,0x69,0x20,0x6b,0x20,0x69,
	0x20,0x6e,0x20,0x67,0x0a,0x0a,0x0e,0x66,0x20,0x72,0x20,0x6f,0x20,0x6d,0x09,0x61,
	0x04,0x68,0x20,0x69,0x20,0x64,0x20,0x64,0x20,0x65,0x20,0x6e,0x09,0x62,0x20,0x61,
	0x20,0x73,0x20,0x65,0x20,0x2c,0x04,0x68,0x20,0x61,0x20,0x76,0x20,0x65,0x04,0x77,
	0x20,0x6f,0x20,0x6e,0x0a,0x0a,0x0e,0x74,0x20,0x68,0x20,0x65,0x20,0x69,0x20,0x72,
	0x09,0x66,0x20,0x69,0x20,0x72,0x20,0x73,0x20,0x74,0x04,0x76,0x20,0x69,0x20,0x63,
	0x20,0x74,0x20,0x6f,0x20,0x72,0x20,0x79,0x09,0x61,0x20,0x67,0x20,0x61,0x20,0x69,
	0x20,0x6e,0x20,0x73,0x20,0x74,0x0a,0x0a,0x0e,0x74,0x20,0x68,0x20,0x65,0x09,0x65,
	0x20,0x76,0x20,0x69,0x20,0x6c,0x09,0x47,0x20,0x61,0x20,0x6c,0x20,0x61,0x20,0x63,
	0x20,0x74,0x20,0x69,0x20,0x63,0x09,0x45,0x20,0x6d,0x20,0x70,0x20,0x69,0x20,0x72,
	0x20,0x65,0x2e,0x0a,0x0a,0x0a,0x0a,0x0e,0x49,0x20,0x74,0x04,0x69,0x20,0x73,0x09,
	0x61,0x09,0x70,0x20,0x65,0x20,0x72,0x20,0x69,0x20,0x6f,0x20,0x64,0x09,0x6f,0x20,
	0x66,0x09,0x63,0x20,0x69,0x20,0x76,0x20,0x69,0x20,0x6c,0x09,0x77,0x20,0x61,0x20,
	0x72,0x2e,0x0a,0x0a,0x0e,0x52,0x20,0x65,0x20,0x62,0x20,0x65,0x20,0x6c,0x0b,0x73,
	0x20,0x70,0x20,0x61,0x20,0x63,0x20,0x65,0x20,0x73,0x20,0x68,0x20,0x69,0x20,0x70,
	0x20,0x73,0x20,0x2c,0x09,0x73,0x20,0x74,0x20,0x72,0x20,0x69,0x20,0x6b,0x20,0x69,
	0x20,0x6e,0x20,0x67,0x0a,0x0a,0x0e,0x66,0x20,0x72,0x20,0x6f,0x20,0x6d,0x09,0x61,
	0x04,0x68,0x20,0x69,0x20,0x64,0x20,0x64,0x20,0x65,0x20,0x6e,0x09,0x62,0x20,0x61,
	0x20,0x73,0x20,0x65,0x20,0x2c,0x04,0x68,0x20,0x61,0x20,0x76,0x20,0x65,0x04,0x77,
	0x20,0x6f,0x20,0x6e,0x0a,0x0a,0x0e,0x74,0x20,0x68,0x20,0x65,0x20,0x69,0x20,0x72,
	0x09,0x66,0x20,0x69,0x20,0x72,0x20,0x73,0x20,0x74,0x04,0x76,0x20,0x69,0x20,0x63,
	0x20,0x74,0x20,0x6f,0x20,0x72,0x20,0x79,0x09,0x61,0x20,0x67,0x20,0x61,0x20,0x69,
	0x20,0x6e,0x20,0x73,0x20,0x74,0x0a,0x0a,0x0e,0x74,0x20,0x68,0x20,0x65,0x09,0x65,
	0x20,0x76,0x20,0x69,0x20,0x6c,0x09,0x47,0x20,0x61,0x20,0x6c,0x20,0x61,0x20,0x63,
	0x20,0x74,0x20,0x69,0x20,0x63,0x09,0x45,0x20,0x6d,0x20,0x70,0x20,0x69,0x20,0x72,
	0x20,0x65,0x2e,0x0a,0x0a,0x0a,0x0e,0x44,0x20,0x75,0x20,0x72,0x20,0x69,0x20,0x6e,
	0x20,0x67,0x0c,0x74,0x20,0x68,0x20,0x65,0x0c,0x62,0x20,0x61,0x20,0x74,0x20,0x74,
	0x20,0x6c,0x20,0x65,0x20,0x2c,0x0b,0x52,0x20,0x65,0x20,0x62,0x20,0x65,0x20,0x6c,
	0x0a,0x0a,0x0a,0x0e,0x52,0x20,0x65,0x20,0x62,0x20,0x65,0x20,0x6c,0x0b,0x73,0x20,
	0x70,0x20,0x61,0x20,0x63,0x20,0x65,0x20,0x73,0x20,0x68,0x20,0x69,0x20,0x70,0x20,
	0x73,0x20,0x2c,0x09,0x73,0x20,0x74,0x20,0x72,0x20,0x69,0x20,0x6b,0x20,0x69,0x20,
	0x6e,0x20,0x67,0x0a,0x0a,0x0e,0x66,0x20,0x72,0x20,0x6f,0x20,0x6d,0x09,0x61,0x04,
	0x68,0x20,0x69,0x20,0x64,0x20,0x64,0x20,0x65,0x20,0x6e,0x09,0x62,0x20,0x61,0x20,
	0x73,0x20,0x65,0x20,0x2c,0x04,0x68,0x20,0x61,0x20,0x76,0x20,0x65,0x04,0x77,0x20,
	0x6f,0x20,0x6e,0x0a,0x0a,0x0e,0x74,0x20,0x68,0x20,0x65,0x20,0x69,0x20,0x72,0x09,
	0x66,0x20,0x69,0x20,0x72,0x20,0x73,0x20,0x74,0x04,0x76,0x20,0x69,0x20,0x63,0x20,
	0x74,0x20,0x6f,0x20,0x72,0x20,0x79,0x09,0x61,0x20,0x67,0x20,0x61,0x20,0x69,0x20,
	0x6e,0x20,0x73,0x20,0x74,0x0a,0x0a,0x0e,0x74,0x20,0x68,0x20,0x65,0x09,0x65,0x20,
	0x76,0x20,0x69,0x20,0x6c,0x09,0x47,0x20,0x61,0x20,0x6c,0x20,0x61,0x20,0x63,0x20,
	0x74,0x20,0x69,0x20,0x63,0x09,0x45,0x20,0x6d,0x20,0x70,0x20,0x69,0x20,0x72,0x20,
	0x65,0x2e,0x0a,0x0a,0x0a,0x0e,0x44,0x20,0x75,0x20,0x72,0x20,0x69,0x20,0x6e,0x20,
	0x67,0x0c,0x74,0x20,0x68,0x20,0x65,0x0c,0x62,0x20,0x61,0x20,0x74,0x20,0x74,0x20,
	0x6c,0x20,0x65,0x20,0x2c,0x0b,0x52,0x20,0x65,0x20,0x62,0x20,0x65,0x20,0x6c,0x0a,
	0x0a,0x0a,0x0e,0x52,0x20,0x65,0x20,0x62,0x20,0x65,0x20,0x6c,0x0b,0x73,0x20,0x70,
	0x20,0x61,0x20,0x63,0x20,0x65,0x20,0x73,0x20,0x68,0x20,0x69,0x20,0x70,0x20,0x73,
	0x20,0x2c,0x09,0x73,0x20,0x74,0x20,0x72,0x20,0x69,0x20,0x6b,0x20,0x69,0x20,0x6e,
	0x20,0x67,0x0a,0x0a,0x0e,0x66,0x20,0x72,0x20,0x6f,0x20,0x6d,0x09,0x61,0x04,0x68,
	0x20,0x69,0x20,0x64,0x20,0x64,0x20,0x65,0x20,0x6e,0x09,0x62,0x20,0x61,0x20,0x73,
	0x20,0x65,0x20,0x2c,0x04,0x68,0x20,0x61,0x20,0x76,0x20,0x65,0x04,0x77,0x20,0x6f,
	0x20,0x6e,0x0a,0x0a,0x0e,0x74,0x20,0x68,0x20,0x65,0x20,0x69,0x20,0x72,0x09,0x66,
	0x20,0x69,0x20,0x72,0x20,0x73,0x20,0x74,0x04,0x76,0x20,0x69,0x20,0x63,0x20,0x74,
	0x20,0x6f,0x20,0x72,0x20,0x79,0x09,0x61,0x20,0x67,0x20,0x61,0x20,0x69,0x20,0x6e,
	0x20,0x73,0x20,0x74,0x0a,0x0a,0x0e,0x74,0x20,0x68,0x20,0x65,0x09,0x65,0x20,0x76,
	0x20,0x69,0x20,0x6c,0x09,0x47,0x20,0x61,0x20,0x6c,0x20,0x61,0x20,0x63,0x20,0x74,
	0x20,0x69,0x20,0x63,0x09,0x45,0x20,0x6d,0x20,0x70,0x20,0x69,0x20,0x72,0x20,0x65,
	0x2e,0x0a,0x0a,0x0a,0x0e,0x44,0x20,0x75,0x20,0x72,0x20,0x69,0x20,0x6e,0x20,0x67,
	0x0c,0x74,0x20,0x68,0x20,0x65,0x0c,0x62,0x20,0x61,0x20,0x74,0x20,0x74,0x20,0x6c,
	0x20,0x65,0x20,0x2c,0x0b,0x52,0x20,0x65,0x20,0x62,0x20,0x65,0x20,0x6c,0x0a,0x0a,
	0x0e,0x73,0x20,0x70,0x20,0x69,0x20,0x65,0x20,0x73,0x04,0x6d,0x20,0x61,0x20,0x6e,
	0x20,0x61,0x20,0x67,0x20,0x65,0x20,0x64,0x04,0x74,0x6f,0x04,0x73,0x20,0x74,0x20,
	0x65,0x20,0x61,0x20,0x6c,0x04,0x73,0x20,0x65,0x20,0x63,0x20,0x72,0x20,0x65,0x20,
	0x74,0x0a,0x0a,0x0a,0x0e,0x66,0x20,0x72,0x20,0x6f,0x20,0x6d,0x09,0x61,0x04,0x68,
	0x20,0x69,0x20,0x64,0x20,0x64,0x20,0x65,0x20,0x6e,0x09,0x62,0x20,0x61,0x20,0x73,
	0x20,0x65,0x20,0x2c,0x04,0x68,0x20,0x61,0x20,0x76,0x20,0x65,0x04,0x77,0x20,0x6f,
	0x20,0x6e,0x0a,0x0a,0x0e,0x74,0x20,0x68,0x20,0x65,0x20,0x69,0x20,0x72,0x09,0x66,
	0x20,0x69,0x20,0x72,0x20,0x73,0x20,0x74,0x04,0x76,0x20,0x69,0x20,0x63,0x20,0x74,
	0x20,0x6f,0x20,0x72,0x20,0x79,0x09,0x61,0x20,0x67,0x20,0x61,0x20,0x69,0x20,0x6e,
	0x20,0x73,0x20,0x74,0x0a,0x0a,0x0e,0x74,0x20,0x68,0x20,0x65,0x09,0x65,0x20,0x76,
	0x20,0x69,0x20,0x6c,0x09,0x47,0x20,0x61,0x20,0x6c,0x20,0x61,0x20,0x63,0x20,0x74,
	0x20,0x69,0x20,0x63,0x09,0x45,0x20,0x6d,0x20,0x70,0x20,0x69,0x20,0x72,0x20,0x65,
	0x2e,0x0a,0x0a,0x0a,0x0e,0x44,0x20,0x75,0x20,0x72,0x20,0x69,0x20,0x6e,0x20,0x67,
	0x0c,0x74,0x20,0x68,0x20,0x65,0x0c,0x62,0x20,0x61,0x20,0x74,0x20,0x74,0x20,0x6c,
	0x20,0x65,0x20,0x2c,0x0b,0x52,0x20,0x65,0x20,0x62,0x20,0x65,0x20,0x6c,0x0a,0x0a,
	0x0e,0x73,0x20,0x70,0x20,0x69,0x20,0x65,0x20,0x73,0x04,0x6d,0x20,0x61,0x20,0x6e,
	0x20,0x61,0x20,0x67,0x20,0x65,0x20,0x64,0x04,0x74,0x6f,0x04,0x73,0x20,0x74,0x20,
	0x65,0x20,0x61,0x20,0x6c,0x04,0x73,0x20,0x65,0x20,0x63,0x20,0x72,0x20,0x65,0x20,
	0x74,0x0a,0x0a,0x0a,0x0e,0x66,0x20,0x72,0x20,0x6f,0x20,0x6d,0x09,0x61,0x04,0x68,
	0x20,0x69,0x20,0x64,0x20,0x64,0x20,0x65,0x20,0x6e,0x09,0x62,0x20,0x61,0x20,0x73,
	0x20,0x65,0x20,0x2c,0x04,0x68,0x20,0x61,0x20,0x76,0x20,0x65,0x04,0x77,0x20,0x6f,
	0x20,0x6e,0x0a,0x0a,0x0e,0x74,0x20,0x68,0x20,0x65,0x20,0x69,0x20,0x72,0x09,0x66,
	0x20,0x69,0x20,0x72,0x20,0x73,0x20,0x74,0x04,0x76,0x20,0x69,0x20,0x63,0x20,0x74,
	0x20,0x6f,0x20,0x72,0x20,0x79,0x09,0x61,0x20,0x67,0x20,0x61,0x20,0x69,0x20,0x6e,
	0x20,0x73,0x20,0x74,0x0a,0x0a,0x0e,0x74,0x20,0x68,0x20,0x65,0x09,0x65,0x20,0x76,
	0x20,0x69,0x20,0x6c,0x09,0x47,0x20,0x61,0x20,0x6c,0x20,0x61,0x20,0x63,0x20,0x74,
	0x20,0x69,0x20,0x63,0x09,0x45,0x20,0x6d,0x20,0x70,0x20,0x69,0x20,0x72,0x20,0x65,
	0x2e,0x0a,0x0a,0x0a,0x0e,0x44,0x20,0x75,0x20,0x72,0x20,0x69,0x20,0x6e,0x20,0x67,
	0x0c,0x74,0x20,0x68,0x20,0x65,0x0c,0x62,0x20,0x61,0x20,0x74,0x20,0x74,0x20,0x6c,
	0x20,0x65,0x20,0x2c,0x0b,0x52,0x20,0x65,0x20,0x62,0x20,0x65,0x20,0x6c,0x0a,0x0a,
	0x0e,0x73,0x20,0x70,0x20,0x69,0x20,0x65,0x20,0x73,0x04,0x6d,0x20,0x61,0x20,0x6e,
	0x20,0x61,0x20,0x67,0x20,0x65,0x20,0x64,0x04,0x74,0x6f,0x04,0x73,0x20,0x74,0x20,
	0x65,0x20,0x61,0x20,0x6c,0x04,0x73,0x20,0x65,0x20,0x63,0x20,0x72,0x20,0x65,0x20,
	0x74,0x0a,0x0a,0x0e,0x70,0x20,0x6c,0x20,0x61,0x20,0x6e,0x20,0x73,0x0e,0x74,0x20,
	0x6f,0x0e,0x74,0x20,0x68,0x20,0x65,0x0d,0x45,0x20,0x6d,0x20,0x70,0x20,0x69,0x20,
	0x72,0x20,0x65,0x20,0x27,0x20,0x73,0x0a,0x0a,0x0a,0x0e,0x74,0x20,0x68,0x20,0x65,
	0x20,0x69,0x20,0x72,0x09,0x66,0x20,0x69,0x20,0x72,0x20,0x73,0x20,0x74,0x04,0x76,
	0x20,0x69,0x20,0x63,0x20,0x74,0x20,0x6f,0x20,0x72,0x20,0x79,0x09,0x61,0x20,0x67,
	0x20,0x61,0x20,0x69,0x20,0x6e,0x20,0x73,0x20,0x74,0x0a,0x0a,0x0e,0x74,0x20,0x68,
	0x20,0x65,0x09,0x65,0x20,0x76,0x20,0x69,0x20,0x6c,0x09,0x47,0x20,0x61,0x20,0x6c,
	0x20,0x61,0x20,0x63,0x20,0x74,0x20,0x69,0x20,0x63,0x09,0x45,0x20,0x6d,0x20,0x70,
	0x20,0x69,0x20,0x72,0x20,0x65,0x2e,0x0a,0x0a,0x0a,0x0e,0x44,0x20,0x75,0x20,0x72,
	0x20,0x69,0x20,0x6e,0x20,0x67,0x0c,0x74,0x20,0x68,0x20,0x65,0x0c,0x62,0x20,0x61,
	0x20,0x74,0x20,0x74,0x20,0x6c,0x20,0x65,0x20,0x2c,0x0b,0x52,0x20,0x65,0x20,0x62,
	0x20,0x65,0x20,0x6c,0x0a,0x0a,0x0e,0x73,0x20,0x70,0x20,0x69,0x20,0x65,0x20,0x73,
	0x04,0x6d,0x20,0x61,0x20,0x6e,0x20,0x61,0x20,0x67,0x20,0x65,0x20,0x64,0x04,0x74,
	0x6f,0x04,0x73,0x20,0x74,0x20,0x65,0x20,0x61,0x20,0x6c,0x04,0x73,0x20,0x65,0x20,
	0x63,0x20,0x72,0x20,0x65,0x20,0x74,0x0a,0x0a,0x0e,0x70,0x20,0x6c,0x20,0x61,0x20,
	0x6e,0x20,0x73,0x0e,0x74,0x20,0x6f,0x0e,0x74,0x20,0x68,0x20,0x65,0x0d,0x45,0x20,
	0x6d,0x20,0x70,0x20,0x69,0x20,0x72,0x20,0x65,0x20,0x27,0x20,0x73,0x0a,0x0a,0x0a,
	0x0e,0x74,0x20,0x68,0x20,0x65,0x20,0x69,0x20,0x72,0x09,0x66,0x20,0x69,0x20,0x72,
	0x20,0x73,0x20,0x74,0x04,0x76,0x20,0x69,0x20,0x63,0x20,0x74,0x20,0x6f,0x20,0x72,
	0x20,0x79,0x09,0x61,0x20,0x67,0x20,0x61,0x20,0x69,0x20,0x6e,0x20,0x73,0x20,0x74,
	0x0a,0x0a,0x0e,0x74,0x20,0x68,0x20,0x65,0x09,0x65,0x20,0x76,0x20,0x69,0x20,0x6c,
	0x09,0x47,0x20,0x61,0x20,0x6c,0x20,0x61,0x20,0x63,0x20,0x74,0x20,0x69,0x20,0x63,
	0x09,0x45,0x20,0x6d,0x20,0x70,0x20,0x69,0x20,0x72,0x20,0x65,0x2e,0x0a,0x0a,0x0a,
	0x0e,0x44,0x20,0x75,0x20,0x72,0x20,0x69,0x20,0x6e,0x20,0x67,0x0c,0x74,0x20,0x68,
	0x20,0x65,0x0c,0x62,0x20,0x61,0x20,0x74,0x20,0x74,0x20,0x6c,0x20,0x65,0x20,0x2c,
	0x0b,0x52,0x20,0x65,0x20,0x62,0x20,0x65,0x20,0x6c,0x0a,0x0a,0x0e,0x73,0x20,0x70,
	0x20,0x69,0x20,0x65,0x20,0x73,0x04,0x6d,0x20,0x61,0x20,0x6e,0x20,0x61,0x20,0x67,
	0x20,0x65,0x20,0x64,0x04,0x74,0x6f,0x04,0x73,0x20,0x74,0x20,0x65,0x20,0x61,0x20,
	0x6c,0x04,0x73,0x20,0x65,0x20,0x63,0x20,0x72,0x20,0x65,0x20,0x74,0x0a,0x0a,0x0e,
	0x70,0x20,0x6c,0x20,0x61,0x20,0x6e,0x20,0x73,0x0e,0x74,0x20,0x6f,0x0e,0x74,0x20,
	0x68,0x20,0x65,0x0d,0x45,0x20,0x6d,0x20,0x70,0x20,0x69,0x20,0x72,0x20,0x65,0x20,
	0x27,0x20,0x73,0x0a,0x0a,0x0e,0x75,0x20,0x6c,0x20,0x74,0x20,0x69,0x20,0x6d,0x20,
	0x61,0x20,0x74,0x20,0x65,0x09,0x77,0x20,0x65,0x20,0x61,0x20,0x70,0x20,0x6f,0x20,
	0x6e,0x20,0x2c,0x09,0x74,0x20,0x68,0x20,0x65,0x0b,0x44,0x20,0x45,0x20,0x41,0x20,
	0x54,0x20,0x48,0x0a,0x0a,0x0a,0x0e,0x74,0x20,0x68,0x20,0x65,0x09,0x65,0x20,0x76,
	0x20,0x69,0x20,0x6c,0x09,0x47,0x20,0x61,0x20,0x6c,0x20,0x61,0x20,0x63,0x20,0x74,
	0x20,0x69,0x20,0x63,0x09,0x45,0x20,0x6d,0x20,0x70,0x20,0x69,0x20,0x72,0x20,0x65,
	0x2e,0x0a,0x0a,0x0a,0x0e,0x44,0x20,0x75,0x20,0x72,0x20,0x69,0x20,0x6e,0x20,0x67,
	0x0c,0x74,0x20,0x68,0x20,0x65,0x0c,0x62,0x20,0x61,0x20,0x74,0x20,0x74,0x20,0x6c,
	0x20,0x65,0x20,0x2c,0x0b,0x52,0x20,0x65,0x20,0x62,0x20,0x65,0x20,0x6c,0x0a,0x0a,
	0x0e,0x73,0x20,0x70,0x20,0x69,0x20,0x65,0x20,0x73,0x04,0x6d,0x20,0x61,0x20,0x6e,
	0x20,0x61,0x20,0x67,0x20,0x65,0x20,0x64,0x04,0x74,0x6f,0x04,0x73,0x20,0x74,0x20,
	0x65,0x20,0x61,0x20,0x6c,0x04,0x73,0x20,0x65,0x20,0x63,0x20,0x72,0x20,0x65,0x20,
	0x74,0x0a,0x0a,0x0e,0x70,0x20,0x6c,0x20,0x61,0x20,0x6e,0x20,0x73,0x0e,0x74,0x20,
	0x6f,0x0e,0x74,0x20,0x68,0x20,0x65,0x0d,0x45,0x20,0x6d,0x20,0x70,0x20,0x69,0x20,
	0x72,0x20,0x65,0x20,0x27,0x20,0x73,0x0a,0x0a,0x0e,0x75,0x20,0x6c,0x20,0x74,0x20,
	0x69,0x20,0x6d,0x20,0x61,0x20,0x74,0x20,0x65,0x09,0x77,0x20,0x65,0x20,0x61,0x20,
	0x70,0x20,0x6f,0x20,0x6e,0x20,0x2c,0x09,0x74,0x20,0x68,0x20,0x65,0x0b,0x44,0x20,
	0x45,0x20,0x41,0x20,0x54,0x20,0x48,0x0a,0x0a,0x0a,0x0e,0x74,0x20,0x68,0x20,0x65,
	0x09,0x65,0x20,0x76,0x20,0x69,0x20,0x6c,0x09,0x47,0x20,0x61,0x20,0x6c,0x20,0x61,
	0x20,0x63,0x20,0x74,0x20,0x69,0x20,0x63,0x09,0x45,0x20,0x6d,0x20,0x70,0x20,0x69,
	0x20,0x72,0x20,0x65,0x2e,0x0a,0x0a,0x0a,0x0e,0x44,0x20,0x75,0x20,0x72,0x20,0x69,
	0x20,0x6e,0x20,0x67,0x0c,0x74,0x20,0x68,0x20,0x65,0x0c,0x62,0x20,0x61,0x20,0x74,
	0x20,0x74,0x20,0x6c,0x20,0x65,0x20,0x2c,0x0b,0x52,0x20,0x65,0x20,0x62,0x20,0x65,
	0x20,0x6c,0x0a,0x0a,0x0e,0x73,0x20,0x70,0x20,0x69,0x20,0x65,0x20,0x73,0x04,0x6d,
	0x20,0x61,0x20,0x6e,0x20,0x61,0x20,0x67,0x20,0x65,0x20,0x64,0x04,0x74,0x6f,0x04,
	0x73,0x20,0x74,0x20,0x65,0x20,0x61,0x20,0x6c,0x04,0x73,0x20,0x65,0x20,0x63,0x20,
	0x72,0x20,0x65,0x20,0x74,0x0a,0x0a,0x0e,0x70,0x20,0x6c,0x20,0x61,0x20,0x6e,0x20,
	0x73,0x0e,0x74,0x20,0x6f,0x0e,0x74,0x20,0x68,0x20,0x65,0x0d,0x45,0x20,0x6d,0x20,
	0x70,0x20,0x69,0x20,0x72,0x20,0x65,0x20,0x27,0x20,0x73,0x0a,0x0a,0x0e,0x75,0x20,
	0x6c,0x20,0x74,0x20,0x69,0x20,0x6d,0x20,0x61,0x20,0x74,0x20,0x65,0x09,0x77,0x20,
	0x65,0x20,0x61,0x20,0x70,0x20,0x6f,0x20,0x6e,0x20,0x2c,0x09,0x74,0x20,0x68,0x20,
	0x65,0x0b,0x44,0x20,0x45,0x20,0x41,0x20,0x54,0x20,0x48,0x0a,0x0a,0x0e,0x53,0x20,
	0x54,0x20,0x41,0x20,0x52,0x20,0x2c,0x0d,0x61,0x20,0x6e,0x0d,0x61,0x20,0x72,0x20,
	0x6d,0x20,0x6f,0x20,0x72,0x20,0x65,0x20,0x64,0x0d,0x73,0x20,0x70,0x20,0x61,0x20,
	0x63,0x20,0x65,0x0a,0x0a,0x0a,0x0a,0x0e,0x44,0x20,0x75,0x20,0x72,0x20,0x69,0x20,
	0x6e,0x20,0x67,0x0c,0x74,0x20,0x68,0x20,0x65,0x0c,0x62,0x20,0x61,0x20,0x74,0x20,
	0x74,0x20,0x6c,0x20,0x65,0x20,0x2c,0x0b,0x52,0x20,0x65,0x20,0x62,0x20,0x65,0x20,
	0x6c,0x0a,0x0a,0x0e,0x73,0x20,0x70,0x20,0x69,0x20,0x65,0x20,0x73,0x04,0x6d,0x20,
	0x61,0x20,0x6e,0x20,0x61,0x20,0x67,0x20,0x65,0x20,0x64,0x04,0x74,0x6f,0x04,0x73,
	0x20,0x74,0x20,0x65,0x20,0x61,0x20,0x6c,0x04,0x73,0x20,0x65,0x20,0x63,0x20,0x72,
	0x20,0x65,0x20,0x74,0x0a,0x0a,0x0e,0x70,0x20,0x6c,0x20,0x61,0x20,0x6e,0x20,0x73,
	0x0e,0x74,0x20,0x6f,0x0e,0x74,0x20,0x68,0x20,0x65,0x0d,0x45,0x20,0x6d,0x20,0x70,
	0x20,0x69,0x20,0x72,0x20,0x65,0x20,0x27,0x20,0x73,0x0a,0x0a,0x0e,0x75,0x20,0x6c,
	0x20,0x74,0x20,0x69,0x20,0x6d,0x20,0x61,0x20,0x74,0x20,0x65,0x09,0x77,0x20,0x65,
	0x20,0x61,0x20,0x70,0x20,0x6f,0x20,0x6e,0x20,0x2c,0x09,0x74,0x20,0x68,0x20,0x65,
	0x0b,0x44,0x20,0x45,0x20,0x41,0x20,0x54,0x20,0x48,0x0a,0x0a,0x0e,0x53,0x20,0x54,
	0x20,0x41,0x20,0x52,0x20,0x2c,0x0d,0x61,0x20,0x6e,0x0d,0x61,0x20,0x72,0x20,0x6d,
	0x20,0x6f,0x20,0x72,0x20,0x65,0x20,0x64,0x0d,0x73,0x20,0x70,0x20,0x61,0x20,0x63,
	0x20,0x65,0x0a,0x0a,0x0a,0x0a,0x0e,0x44,0x20,0x75,0x20,0x72,0x20,0x69,0x20,0x6e,
	0x20,0x67,0x0c,0x74,0x20,0x68,0x20,0x65,0x0c,0x62,0x20,0x61,0x20,0x74,0x20,0x74,
	0x20,0x6c,0x20,0x65,0x20,0x2c,0x0b,0x52,0x20,0x65,0x20,0x62,0x20,0x65,0x20,0x6c,
	0x0a,0x0a,0x0e,0x73,0x20,0x70,0x20,0x69,0x20,0x65,0x20,0x73,0x04,0x6d,0x20,0x61,
	0x20,0x6e,0x20,0x61,0x20,0x67,0x20,0x65,0x20,0x64,0x04,0x74,0x6f,0x04,0x73,0x20,
	0x74,0x20,0x65,0x20,0x61,0x20,0x6c,0x04,0x73,0x20,0x65,0x20,0x63,0x20,0x72,0x20,
	0x65,0x20,0x74,0x0a,0x0a,0x0e,0x70,0x20,0x6c,0x20,0x61,0x20,0x6e,0x20,0x73,0x0e,
	0x74,0x20,0x6f,0x0e,0x74,0x20,0x68,0x20,0x65,0x0d,0x45,0x20,0x6d,0x20,0x70,0x20,
	0x69,0x20,0x72,0x20,0x65,0x20,0x27,0x20,0x73,0x0a,0x0a,0x0e,0x75,0x20,0x6c,0x20,
	0x74,0x20,0x69,0x20,0x6d,0x20,0x61,0x20,0x74,0x20,0x65,0x09,0x77,0x20,0x65,0x20,
	0x61,0x20,0x70,0x20,0x6f,0x20,0x6e,0x20,0x2c,0x09,0x74,0x20,0x68,0x20,0x65,0x0b,
	0x44,0x20,0x45,0x20,0x41,0x20,0x54,0x20,0x48,0x0a,0x0a,0x0e,0x53,0x20,0x54,0x20,
	0x41,0x20,0x52,0x20,0x2c,0x0d,0x61,0x20,0x6e,0x0d,0x61,0x20,0x72,0x20,0x6d,0x20,
	0x6f,0x20,0x72,0x20,0x65,0x20,0x64,0x0d,0x73,0x20,0x70,0x20,0x61,0x20,0x63,0x20,
	0x65,0x0a,0x0a,0x0e,0x73,0x20,0x74,0x20,0x61,0x20,0x74,0x20,0x69,0x20,0x6f,0x20,
	0x6e,0x09,0x77,0x20,0x69,0x20,0x74,0x20,0x68,0x09,0x65,0x20,0x6e,0x20,0x6f,0x20,
	0x75,0x20,0x67,0x20,0x68,0x04,0x70,0x20,0x6f,0x20,0x77,0x20,0x65,0x20,0x72,0x04,
	0x74,0x6f,0x0a,0x0a,0x0e,0x44,0x20,0x75,0x20,0x72,0x20,0x69,0x20,0x6e,0x20,0x67,
	0x0c,0x74,0x20,0x68,0x20,0x65,0x0c,0x62,0x20,0x61,0x20,0x74,0x20,0x74,0x20,0x6c,
	0x20,0x65,0x20,0x2c,0x0b,0x52,0x20,0x65,0x20,0x62,0x20,0x65,0x20,0x6c,0x0a,0x0a,
	0x0e,0x73,0x20,0x70,0x20,0x69,0x20,0x65,0x20,0x73,0x04,0x6d,0x20,0x61,0x20,0x6e,
	0x20,0x61,0x20,0x67,0x20,0x65,0x20,0x64,0x04,0x74,0x6f,0x04,0x73,0x20,0x74,0x20,
	0x65,0x20,0x61,0x20,0x6c,0x04,0x73,0x20,0x65,0x20,0x63,0x20,0x72,0x20,0x65,0x20,
	0x74,0x0a,0x0a,0x0e,0x70,0x20,0x6c,0x20,0x61,0x20,0x6e,0x20,0x73,0x0e,0x74,0x20,
	0x6f,0x0e,0x74,0x20,0x68,0x20,0x65,0x0d,0x45,0x20,0x6d,0x20,0x70,0x20,0x69,0x20,
	0x72,0x20,0x65,0x20,0x27,0x20,0x73,0x0a,0x0a,0x0e,0x75,0x20,0x6c,0x20,0x74,0x20,
	0x69,0x20,0x6d,0x20,0x61,0x20,0x74,0x20,0x65,0x09,0x77,0x20,0x65,0x20,0x61,0x20,
	0x70,0x20,0x6f,0x20,0x6e,0x20,0x2c,0x09,0x74,0x20,0x68,0x20,0x65,0x0b,0x44,0x20,
	0x45,0x20,0x41,0x20,0x54,0x20,0x48,0x0a,0x0a,0x0e,0x53,0x20,0x54,0x20,0x41,0x20,
	0x52,0x20,0x2c,0x0d,0x61,0x20,0x6e,0x0d,0x61,0x20,0x72,0x20,0x6d,0x20,0x6f,0x20,
	0x72,0x20,0x65,0x20,0x64,0x0d,0x73,0x20,0x70,0x20,0x61,0x20,0x63,0x20,0x65,0x0a,
	0x0a,0x0e,0x73,0x20,0x74,0x20,0x61,0x20,0x74,0x20,0x69,0x20,0x6f,0x20,0x6e,0x09,
	0x77,0x20,0x69,0x20,0x74,0x20,0x68,0x09,0x65,0x20,0x6e,0x20,0x6f,0x20,0x75,0x20,
	0x67,0x20,0x68,0x04,0x70,0x20,0x6f,0x20,0x77,0x20,0x65,0x20,0x72,0x04,0x74,0x6f,
	0x0a,0x0a,0x0a,0x0a,0x0e,0x73,0x20,0x70,0x20,0x69,0x20,0x65,0x20,0x73,0x04,0x6d,
	0x20,0x61,0x20,0x6e,0x20,0x61,0x20,0x67,0x20,0x65,0x20,0x64,0x04,0x74,0x6f,0x04,
	0x73,0x20,0x74,0x20,0x65,0x20,0x61,0x20,0x6c,0x04,0x73,0x20,0x65,0x20,0x63,0x20,
	0x72,0x20,0x65,0x20,0x74,0x0a,0x0a,0x0e,0x70,0x20,0x6c,0x20,0x61,0x20,0x6e,0x20,
	0x73,0x0e,0x74,0x20,0x6f,0x0e,0x74,0x20,0x68,0x20,0x65,0x0d,0x45,0x20,0x6d,0x20,
	0x70,0x20,0x69,0x20,0x72,0x20,0x65,0x20,0x27,0x20,0x73,0x0a,0x0a,0x0e,0x75,0x20,
	0x6c,0x20,0x74,0x20,0x69,0x20,0x6d,0x20,0x61,0x20,0x74,0x20,0x65,0x09,0x77,0x20,
	0x65,0x20,0x61,0x20,0x70,0x20,0x6f,0x20,0x6e,0x20,0x2c,0x09,0x74,0x20,0x68,0x20,
	0x65,0x0b,0x44,0x20,0x45,0x20,0x41,0x20,0x54,0x20,0x48,0x0a,0x0a,0x0e,0x53,0x20,
	0x54,0x20,0x41,0x20,0x52,0x20,0x2c,0x0d,0x61,0x20,0x6e,0x0d,0x61,0x20,0x72,0x20,
	0x6d,0x20,0x6f,0x20,0x72,0x20,0x65,0x20,0x64,0x0d,0x73,0x20,0x70,0x20,0x61,0x20,
	0x63,0x20,0x65,0x0a,0x0a,0x0e,0x73,0x20,0x74,0x20,0x61,0x20,0x74,0x20,0x69,0x20,
	0x6f,0x20,0x6e,0x09,0x77,0x20,0x69,0x20,0x74,0x20,0x68,0x09,0x65,0x20,0x6e,0x20,
	0x6f,0x20,0x75,0x20,0x67,0x20,0x68,0x04,0x70,0x20,0x6f,0x20,0x77,0x20,0x65,0x20,
	0x72,0x04,0x74,0x6f,0x0a,0x0a,0x0e,0x64,0x20,0x65,0x20,0x73,0x20,0x74,0x20,0x72,
	0x20,0x6f,0x20,0x79,0x09,0x61,0x20,0x6e,0x09,0x65,0x20,0x6e,0x20,0x74,0x20,0x69,
	0x20,0x72,0x20,0x65,0x04,0x70,0x20,0x6c,0x20,0x61,0x20,0x6e,0x20,0x65,0x20,0x74,
	0x2e,0x0a,0x0a,0x0e,0x73,0x20,0x70,0x20,0x69,0x20,0x65,0x20,0x73,0x04,0x6d,0x20,
	0x61,0x20,0x6e,0x20,0x61,0x20,0x67,0x20,0x65,0x20,0x64,0x04,0x74,0x6f,0x04,0x73,
	0x20,0x74,0x20,0x65,0x20,0x61,0x20,0x6c,0x04,0x73,0x20,0x65,0x20,0x63,0x20,0x72,
	0x20,0x65,0x20,0x74,0x0a,0x0a,0x0e,0x70,0x20,0x6c,0x20,0x61,0x20,0x6e,0x20,0x73,
	0x0e,0x74,0x20,0x6f,0x0e,0x74,0x20,0x68,0x20,0x65,0x0d,0x45,0x20,0x6d,0x20,0x70,
	0x20,0x69,0x20,0x72,0x20,0x65,0x20,0x27,0x20,0x73,0x0a,0x0a,0x0e,0x75,0x20,0x6c,
	0x20,0x74,0x20,0x69,0x20,0x6d,0x20,0x61,0x20,0x74,0x20,0x65,0x09,0x77,0x20,0x65,
	0x20,0x61,0x20,0x70,0x20,0x6f,0x20,0x6e,0x20,0x2c,0x09,0x74,0x20,0x68,0x20,0x65,
	0x0b,0x44,0x20,0x45,0x20,0x41,0x20,0x54,0x20,0x48,0x0a,0x0a,0x0e,0x53,0x20,0x54,
	0x20,0x41,0x20,0x52,0x20,0x2c,0x0d,0x61,0x20,0x6e,0x0d,0x61,0x20,0x72,0x20,0x6d,
	0x20,0x6f,0x20,0x72,0x20,0x65,0x20,0x64,0x0d,0x73,0x20,0x70,0x20,0x61,0x20,0x63,
	0x20,0x65,0x0a,0x0a,0x0e,0x73,0x20,0x74,0x20,0x61,0x20,0x74,0x20,0x69,0x20,0x6f,
	0x20,0x6e,0x09,0x77,0x20,0x69,0x20,0x74,0x20,0x68,0x09,0x65,0x20,0x6e,0x20,0x6f,
	0x20,0x75,0x20,0x67,0x20,0x68,0x04,0x70,0x20,0x6f,0x20,0x77,0x20,0x65,0x20,0x72,
	0x04,0x74,0x6f,0x0a,0x0a,0x0e,0x64,0x20,0x65,0x20,0x73,0x20,0x74,0x20,0x72,0x20,
	0x6f,0x20,0x79,0x09,0x61,0x20,0x6e,0x09,0x65,0x20,0x6e,0x20,0x74,0x20,0x69,0x20,
	0x72,0x20,0x65,0x04,0x70,0x20,0x6c,0x20,0x61,0x20,0x6e,0x20,0x65,0x20,0x74,0x2e,
	0x0a,0x0a,0x0a,0x0a,0x0e,0x70,0x20,0x6c,0x20,0x61,0x20,0x6e,0x20,0x73,0x0e,0x74,
	0x20,0x6f,0x0e,0x74,0x20,0x68,0x20,0x65,0x0d,0x45,0x20,0x6d,0x20,0x70,0x20,0x69,
	0x20,0x72,0x20,0x65,0x20,0x27,0x20,0x73,0x0a,0x0a,0x0e,0x75,0x20,0x6c,0x20,0x74,
	0x20,0x69,0x20,0x6d,0x20,0x61,0x20,0x74,0x20,0x65,0x09,0x77,0x20,0x65,0x20,0x61,
	0x20,0x70,0x20,0x6f,0x20,0x6e,0x20,0x2c,0x09,0x74,0x20,0x68,0x20,0x65,0x0b,0x44,
	0x20,0x45,0x20,0x41,0x20,0x54,0x20,0x48,0x0a,0x0a,0x0e,0x53,0x20,0x54,0x20,0x41,
	0x20,0x52,0x20,0x2c,0x0d,0x61,0x20,0x6e,0x0d,0x61,0x20,0x72,0x20,0x6d,0x20,0x6f,
	0x20,0x72,0x20,0x65,0x20,0x64,0x0d,0x73,0x20,0x70,0x20,0x61,0x20,0x63,0x20,0x65,
	0x0a,0x0a,0x0e,0x73,0x20,0x74,0x20,0x61,0x20,0x74,0x20,0x69,0x20,0x6f,0x20,0x6e,
	0x09,0x77,0x20,0x69,0x20,0x74,0x20,0x68,0x09,0x65,0x20,0x6e,0x20,0x6f,0x20,0x75,
	0x20,0x67,0x20,0x68,0x04,0x70,0x20,0x6f,0x20,0x77,0x20,0x65,0x20,0x72,0x04,0x74,
	0x6f,0x0a,0x0a,0x0e,0x64,0x20,0x65,0x20,0x73,0x20,0x74,0x20,0x72,0x20,0x6f,0x20,
	0x79,0x09,0x61,0x20,0x6e,0x09,0x65,0x20,0x6e,0x20,0x74,0x20,0x69,0x20,0x72,0x20,
	0x65,0x04,0x70,0x20,0x6c,0x20,0x61,0x20,0x6e,0x20,0x65,0x20,0x74,0x2e,0x0a,0x0a,
	0x0a,0x0a,0x0e,0x70,0x20,0x6c,0x20,0x61,0x20,0x6e,0x20,0x73,0x0e,0x74,0x20,0x6f,
	0x0e,0x74,0x20,0x68,0x20,0x65,0x0d,0x45,0x20,0x6d,0x20,0x70,0x20,0x69,0x20,0x72,
	0x20,0x65,0x20,0x27,0x20,0x73,0x0a,0x0a,0x0e,0x75,0x20,0x6c,0x20,0x74,0x20,0x69,
	0x20,0x6d,0x20,0x61,0x20,0x74,0x20,0x65,0x09,0x77,0x20,0x65,0x20,0x61,0x20,0x70,
	0x20,0x6f,0x20,0x6e,0x20,0x2c,0x09,0x74,0x20,0x68,0x20,0x65,0x0b,0x44,0x20,0x45,
	0x20,0x41,0x20,0x54,0x20,0x48,0x0a,0x0a,0x0e,0x53,0x20,0x54,0x20,0x41,0x20,0x52,
	0x20,0x2c,0x0d,0x61,0x20,0x6e,0x0d,0x61,0x20,0x72,0x20,0x6d,0x20,0x6f,0x20,0x72,
	0x20,0x65,0x20,0x64,0x0d,0x73,0x20,0x70,0x20,0x61,0x20,0x63,0x20,0x65,0x0a,0x0a,
	0x0e,0x73,0x20,0x74,0x20,0x61,0x20,0x74,0x20,0x69,0x20,0x6f,0x20,0x6e,0x09,0x77,
	0x20,0x69,0x20,0x74,0x20,0x68,0x09,0x65,0x20,0x6e,0x20,0x6f,0x20,0x75,0x20,0x67,
	0x20,0x68,0x04,0x70,0x20,0x6f,0x20,0x77,0x20,0x65,0x20,0x72,0x04,0x74,0x6f,0x0a,
	0x0a,0x0e,0x64,0x20,0x65,0x20,0x73,0x20,0x74,0x20,0x72,0x20,0x6f,0x20,0x79,0x09,
	0x61,0x20,0x6e,0x09,0x65,0x20,0x6e,0x20,0x74,0x20,0x69,0x20,0x72,0x20,0x65,0x04,
	0x70,0x20,0x6c,0x20,0x61,0x20,0x6e,0x20,0x65,0x20,0x74,0x2e,0x0a,0x0a,0x0a,0x0a,
	0x0e,0x50,0x20,0x75,0x20,0x72,0x20,0x73,0x20,0x75,0x20,0x65,0x20,0x64,0x0d,0x62,
	0x20,0x79,0x0c,0x74,0x20,0x68,0x20,0x65,0x0c,0x45,0x20,0x6d,0x20,0x70,0x20,0x69,
	0x20,0x72,0x20,0x65,0x20,0x27,0x20,0x73,0x0a,0x0a,0x0e,0x75,0x20,0x6c,0x20,0x74,
	0x20,0x69,0x20,0x6d,0x20,0x61,0x20,0x74,0x20,0x65,0x09,0x77,0x20,0x65,0x20,0x61,
	0x20,0x70,0x20,0x6f,0x20,0x6e,0x20,0x2c,0x09,0x74,0x20,0x68,0x20,0x65,0x0b,0x44,
	0x20,0x45,0x20,0x41,0x20,0x54,0x20,0x48,0x0a,0x0a,0x0e,0x53,0x20,0x54,0x20,0x41,
	0x20,0x52,0x20,0x2c,0x0d,0x61,0x20,0x6e,0x0d,0x61,0x20,0x72,0x20,0x6d,0x20,0x6f,
	0x20,0x72,0x20,0x65,0x20,0x64,0x0d,0x73,0x20,0x70,0x20,0x61,0x20,0x63,0x20,0x65,
	0x0a,0x0a,0x0e,0x73,0x20,0x74,0x20,0x61,0x20,0x74,0x20,0x69,0x20,0x6f,0x20,0x6e,
	0x09,0x77,0x20,0x69,0x20,0x74,0x20,0x68,0x09,0x65,0x20,0x6e,0x20,0x6f,0x20,0x75,
	0x20,0x67,0x20,0x68,0x04,0x70,0x20,0x6f,0x20,0x77,0x20,0x65,0x20,0x72,0x04,0x74,
	0x6f,0x0a,0x0a,0x0e,0x64,0x20,0x65,0x20,0x73,0x20,0x74,0x20,0x72,0x20,0x6f,0x20,
	0x79,0x09,0x61,0x20,0x6e,0x09,0x65,0x20,0x6e,0x20,0x74,0x20,0x69,0x20,0x72,0x20,
	0x65,0x04,0x70,0x20,0x6c,0x20,0x61,0x20,0x6e,0x20,0x65,0x20,0x74,0x2e,0x0a,0x0a,
	0x0a,0x0a,0x0e,0x50,0x20,0x75,0x20,0x72,0x20,0x73,0x20,0x75,0x20,0x65,0x20,0x64,
	0x0d,0x62,0x20,0x79,0x0c,0x74,0x20,0x68,0x20,0x65,0x0c,0x45,0x20,0x6d,0x20,0x70,
	0x20,0x69,0x20,0x72,0x20,0x65,0x20,0x27,0x20,0x73,0x0a,0x0a,0x0e,0x75,0x20,0x6c,
	0x20,0x74,0x20,0x69,0x20,0x6d,0x20,0x61,0x20,0x74,0x20,0x65,0x09,0x77,0x20,0x65,
	0x20,0x61,0x20,0x70,0x20,0x6f,0x20,0x6e,0x20,0x2c,0x09,0x74,0x20,0x68,0x20,0x65,
	0x0b,0x44,0x20,0x45,0x20,0x41,0x20,0x54,0x20,0x48,0x0a,0x0a,0x0e,0x53,0x20,0x54,
	0x20,0x41,0x20,0x52,0x20,0x2c,0x0d,0x61,0x20,0x6e,0x0d,0x61,0x20,0x72,0x20,0x6d,
	0x20,0x6f,0x20,0x72,0x20,0x65,0x20,0x64,0x0d,0x73,0x20,0x70,0x20,0x61,0x20,0x63,
	0x20,0x65,0x0a,0x0a,0x0e,0x73,0x20,0x74,0x20,0x61,0x20,0x74,0x20,0x69,0x20,0x6f,
	0x20,0x6e,0x09,0x77,0x20,0x69,0x20,0x74,0x20,0x68,0x09,0x65,0x20,0x6e,0x20,0x6f,
	0x20,0x75,0x20,0x67,0x20,0x68,0x04,0x70,0x20,0x6f,0x20,0x77,0x20,0x65,0x20,0x72,
	0x04,0x74,0x6f,0x0a,0x0a,0x0e,0x64,0x20,0x65,0x20,0x73,0x20,0x74,0x20,0x72,0x20,
	0x6f,0x20,0x79,0x09,0x61,0x20,0x6e,0x09,0x65,0x20,0x6e,0x20,0x74,0x20,0x69,0x20,
	0x72,0x20,0x65,0x04,0x70,0x20,0x6c,0x20,0x61,0x20,0x6e,0x20,0x65,0x20,0x74,0x2e,
	0x0a,0x0a,0x0a,0x0a,0x0e,0x50,0x20,0x75,0x20,0x72,0x20,0x73,0x20,0x75,0x20,0x65,
	0x20,0x64,0x0d,0x62,0x20,0x79,0x0c,0x74,0x20,0x68,0x20,0x65,0x0c,0x45,0x20,0x6d,
	0x20,0x70,0x20,0x69,0x20,0x72,0x20,0x65,0x20,0x27,0x20,0x73,0x0a,0x0a,0x0e,0x73,
	0x20,0x69,0x20,0x6e,0x20,0x69,0x20,0x73,0x20,0x74,0x20,0x65,0x20,0x72,0x0b,0x61,
	0x20,0x67,0x20,0x65,0x20,0x6e,0x20,0x74,0x20,0x73,0x20,0x2c,0x0c,0x50,0x20,0x72,
	0x20,0x69,0x20,0x6e,0x20,0x63,0x20,0x65,0x20,0x73,0x20,0x73,0x0a,0x0a,0x0e,0x53,
	0x20,0x54,0x20,0x41,0x20,0x52,0x20,0x2c,0x0d,0x61,0x20,0x6e,0x0d,0x61,0x20,0x72,
	0x20,0x6d,0x20,0x6f,0x20,0x72,0x20,0x65,0x20,0x64,0x0d,0x73,0x20,0x70,0x20,0x61,
	0x20,0x63,0x20,0x65,0x0a,0x0a,0x0e,0x73,0x20,0x74,0x20,0x61,0x20,0x74,0x20,0x69,
	0x20,0x6f,0x20,0x6e,0x09,0x77,0x20,0x69,0x20,0x74,0x20,0x68,0x09,0x65,0x20,0x6e,
	0x20,0x6f,0x20,0x75,0x20,0x67,0x20,0x68,0x04,0x70,0x20,0x6f,0x20,0x77,0x20,0x65,
	0x20,0x72,0x04,0x74,0x6f,0x0a,0x0a,0x0e,0x64,0x20,0x65,0x20,0x73,0x20,0x74,0x20,
	0x72,0x20,0x6f,0x20,0x79,0x09,0x61,0x20,0x6e,0x09,0x65,0x20,0x6e,0x20,0x74,0x20,
	0x69,0x20,0x72,0x20,0x65,0x04,0x70,0x20,0x6c,0x20,0x61,0x20,0x6e,0x20,0x65,0x20,
	0x74,0x2e,0x0a,0x0a,0x0a,0x0a,0x0e,0x50,0x20,0x75,0x20,0x72,0x20,0x73,0x20,0x75,
	0x20,0x65,0x20,0x64,0x0d,0x62,0x20,0x79,0x0c,0x74,0x20,0x68,0x20,0x65,0x0c,0x45,
	0x20,0x6d,0x20,0x70,0x20,0x69,0x20,0x72,0x20,0x65,0x20,0x27,0x20,0x73,0x0a,0x0a,
	0x0e,0x73,0x20,0x69,0x20,0x6e,0x20,0x69,0x20,0x73,0x20,0x74,0x20,0x65,0x20,0x72,
	0x0b,0x61,0x20,0x67,0x20,0x65,0x20,0x6e,0x20,0x74,0x20,0x73,0x20,0x2c,0x0c,0x50,
	0x20,0x72,0x20,0x69,0x20,0x6e,0x20,0x63,0x20,0x65,0x20,0x73,0x20,0x73,0x0a,0x0a,
	0x0e,0x53,0x20,0x54,0x20,0x41,0x20,0x52,0x20,0x2c,0x0d,0x61,0x20,0x6e,0x0d,0x61,
	0x20,0x72,0x20,0x6d,0x20,0x6f,0x20,0x72,0x20,0x65,0x20,0x64,0x0d,0x73,0x20,0x70,
	0x20,0x61,0x20,0x63,0x20,0x65,0x0a,0x0a,0x0e,0x73,0x20,0x74,0x20,0x61,0x20,0x74,
	0x20,0x69,0x20,0x6f,0x20,0x6e,0x09,0x77,0x20,0x69,0x20,0x74,0x20,0x68,0x09,0x65,
	0x20,0x6e,0x20,0x6f,0x20,0x75,0x20,0x67,0x20,0x68,0x04,0x70,0x20,0x6f,0x20,0x77,
	0x20,0x65,0x20,0x72,0x04,0x74,0x6f,0x0a,0x0a,0x0e,0x64,0x20,0x65,0x20,0x73,0x20,
	0x74,0x20,0x72,0x20,0x6f,0x20,0x79,0x09,0x61,0x20,0x6e,0x09,0x65,0x20,0x6e,0x20,
	0x74,0x20,0x69,0x20,0x72,0x20,0x65,0x04,0x70,0x20,0x6c,0x20,0x61,0x20,0x6e,0x20,
	0x65,0x20,0x74,0x2e,0x0a,0x0a,0x0a,0x0a,0x0e,0x50,0x20,0x75,0x20,0x72,0x20,0x73,
	0x20,0x75,0x20,0x65,0x20,0x64,0x0d,0x62,0x20,0x79,0x0c,0x74,0x20,0x68,0x20,0x65,
	0x0c,0x45,0x20,0x6d,0x20,0x70,0x20,0x69,0x20,0x72,0x20,0x65,0x20,0x27,0x20,0x73,
	0x0a,0x0a,0x0e,0x73,0x20,0x69,0x20,0x6e,0x20,0x69,0x20,0x73,0x20,0x74,0x20,0x65,
	0x20,0x72,0x0b,0x61,0x20,0x67,0x20,0x65,0x20,0x6e,0x20,0x74,0x20,0x73,0x20,0x2c,
	0x0c,0x50,0x20,0x72,0x20,0x69,0x20,0x6e,0x20,0x63,0x20,0x65,0x20,0x73,0x20,0x73,
	0x0a,0x0a,0x0e,0x4c,0x20,0x65,0x20,0x69,0x20,0x61,0x09,0x72,0x20,0x61,0x20,0x63,
	0x20,0x65,0x20,0x73,0x09,0x68,0x20,0x6f,0x20,0x6d,0x20,0x65,0x0b,0x61,0x20,0x62,
	0x20,0x6f,0x20,0x61,0x20,0x72,0x20,0x64,0x09,0x68,0x20,0x65,0x20,0x72,0x0a,0x0a,
	0x0e,0x73,0x20,0x74,0x20,0x61,0x20,0x74,0x20,0x69,0x20,0x6f,0x20,0x6e,0x09,0x77,
	0x20,0x69,0x20,0x74,0x20,0x68,0x09,0x65,0x20,0x6e,0x20,0x6f,0x20,0x75,0x20,0x67,
	0x20,0x68,0x04,0x70,0x20,0x6f,0x20,0x77,0x20,0x65,0x20,0x72,0x04,0x74,0x6f,0x0a,
	0x0a,0x0e,0x64,0x20,0x65,0x20,0x73,0x20,0x74,0x20,0x72,0x20,0x6f,0x20,0x79,0x09,
	0x61,0x20,0x6e,0x09,0x65,0x20,0x6e,0x20,0x74,0x20,0x69,0x20,0x72,0x20,0x65,0x04,
	0x70,0x20,0x6c,0x20,0x61,0x20,0x6e,0x20,0x65,0x20,0x74,0x2e,0x0a,0x0a,0x0a,0x0a,
	0x0e,0x50,0x20,0x75,0x20,0x72,0x20,0x73,0x20,0x75,0x20,0x65,0x20,0x64,0x0d,0x62,
	0x20,0x79,0x0c,0x74,0x20,0x68,0x20,0x65,0x0c,0x45,0x20,0x6d,0x20,0x70,0x20,0x69,
	0x20,0x72,0x20,0x65,0x20,0x27,0x20,0x73,0x0a,0x0a,0x0e,0x73,0x20,0x69,0x20,0x6e,
	0x20,0x69,0x20,0x73,0x20,0x74,0x20,0x65,0x20,0x72,0x0b,0x61,0x20,0x67,0x20,0x65,
	0x20,0x6e,0x20,0x74,0x20,0x73,0x20,0x2c,0x0c,0x50,0x20,0x72,0x20,0x69,0x20,0x6e,
	0x20,0x63,0x20,0x65,0x20,0x73,0x20,0x73,0x0a,0x0a,0x0e,0x4c,0x20,0x65,0x20,0x69,
	0x20,0x61,0x09,0x72,0x20,0x61,0x20,0x63,0x20,0x65,0x20,0x73,0x09,0x68,0x20,0x6f,
	0x20,0x6d,0x20,0x65,0x0b,0x61,0x20,0x62,0x20,0x6f,0x20,0x61,0x20,0x72,0x20,0x64,
	0x09,0x68,0x20,0x65,0x20,0x72,0x0a,0x0a,0x0e,0x73,0x20,0x74,0x20,0x61,0x20,0x74,
	0x20,0x69,0x20,0x6f,0x20,0x6e,0x09,0x77,0x20,0x69,0x20,0x74,0x20,0x68,0x09,0x65,
	0x20,0x6e,0x20,0x6f,0x20,0x75,0x20,0x67,0x20,0x68,0x04,0x70,0x20,0x6f,0x20,0x77,
	0x20,0x65,0x20,0x72,0x04,0x74,0x6f,0x0a,0x0a,0x0e,0x64,0x20,0x65,0x20,0x73,0x20,
	0x74,0x20,0x72,0x20,0x6f,0x20,0x79,0x09,0x61,0x20,0x6e,0x09,0x65,0x20,0x6e,0x20,
	0x74,0x20,0x69,0x20,0x72,0x20,0x65,0x04,0x70,0x20,0x6c,0x20,0x61,0x20,0x6e,0x20,
	0x65,0x20,0x74,0x2e,0x0a,0x0a,0x0a,0x0a,0x0e,0x50,0x20,0x75,0x20,0x72,0x20,0x73,
	0x20,0x75,0x20,0x65,0x20,0x64,0x0d,0x62,0x20,0x79,0x0c,0x74,0x20,0x68,0x20,0x65,
	0x0c,0x45,0x20,0x6d,0x20,0x70,0x20,0x69,0x20,0x72,0x20,0x65,0x20,0x27,0x20,0x73,
	0x0a,0x0a,0x0e,0x73,0x20,0x69,0x20,0x6e,0x20,0x69,0x20,0x73,0x20,0x74,0x20,0x65,
	0x20,0x72,0x0b,0x61,0x20,0x67,0x20,0x65,0x20,0x6e,0x20,0x74,0x20,0x73,0x20,0x2c,
	0x0c,0x50,0x20,0x72,0x20,0x69,0x20,0x6e,0x20,0x63,0x20,0x65,0x20,0x73,0x20,0x73,
	0x0a,0x0a,0x0e,0x4c,0x20,0x65,0x20,0x69,0x20,0x61,0x09,0x72,0x20,0x61,0x20,0x63,
	0x20,0x65,0x20,0x73,0x09,0x68,0x20,0x6f,0x20,0x6d,0x20,0x65,0x0b,0x61,0x20,0x62,
	0x20,0x6f,0x20,0x61,0x20,0x72,0x20,0x64,0x09,0x68,0x20,0x65,0x20,0x72,0x0a,0x0a,
	0x0e,0x73,0x20,0x74,0x20,0x61,0x20,0x72,0x20,0x73,0x20,0x68,0x20,0x69,0x20,0x70,
	0x20,0x2c,0x09,0x63,0x20,0x75,0x20,0x73,0x20,0x74,0x20,0x6f,0x20,0x64,0x20,0x69,
	0x20,0x61,0x20,0x6e,0x0b,0x6f,0x20,0x66,0x09,0x74,0x20,0x68,0x20,0x65,0x0a,0x0a,
	0x0e,0x64,0x20,0x65,0x20,0x73,0x20,0x74,0x20,0x72,0x20,0x6f,0x20,0x79,0x09,0x61,
	0x20,0x6e,0x09,0x65,0x20,0x6e,0x20,0x74,0x20,0x69,0x20,0x72,0x20,0x65,0x04,0x70,
	0x20,0x6c,0x20,0x61,0x20,0x6e,0x20,0x65,0x20,0x74,0x2e,0x0a,0x0a,0x0a,0x0a,0x0e,
	0x50,0x20,0x75,0x20,0x72,0x20,0x73,0x20,0x75,0x20,0x65,0x20,0x64,0x0d,0x62,0x20,
	0x79,0x0c,0x74,0x20,0x68,0x20,0x65,0x0c,0x45,0x20,0x6d,0x20,0x70,0x20,0x69,0x20,
	0x72,0x20,0x65,0x20,0x27,0x20,0x73,0x0a,0x0a,0x0e,0x73,0x20,0x69,0x20,0x6e,0x20,
	0x69,0x20,0x73,0x20,0x74,0x20,0x65,0x20,0x72,0x0b,0x61,0x20,0x67,0x20,0x65,0x20,
	0x6e,0x20,0x74,0x20,0x73,0x20,0x2c,0x0c,0x50,0x20,0x72,0x20,0x69,0x20,0x6e,0x20,
	0x63,0x20,0x65,0x20,0x73,0x20,0x73,0x0a,0x0a,0x0e,0x4c,0x20,0x65,0x20,0x69,0x20,
	0x61,0x09,0x72,0x20,0x61,0x20,0x63,0x20,0x65,0x20,0x73,0x09,0x68,0x20,0x6f,0x20,
	0x6d,0x20,0x65,0x0b,0x61,0x20,0x62,0x20,0x6f,0x20,0x61,0x20,0x72,0x20,0x64,0x09,
	0x68,0x20,0x65,0x20,0x72,0x0a,0x0a,0x0e,0x73,0x20,0x74,0x20,0x61,0x20,0x72,0x20,
	0x73,0x20,0x68,0x20,0x69,0x20,0x70,0x20,0x2c,0x09,0x63,0x20,0x75,0x20,0x73,0x20,
	0x74,0x20,0x6f,0x20,0x64,0x20,0x69,0x20,0x61,0x20,0x6e,0x0b,0x6f,0x20,0x66,0x09,
	0x74,0x20,0x68,0x20,0x65,0x0a,0x0a,0x0e,0x64,0x20,0x65,0x20,0x73,0x20,0x74,0x20,
	0x72,0x20,0x6f,0x20,0x79,0x09,0x61,0x20,0x6e,0x09,0x65,0x20,0x6e,0x20,0x74,0x20,
	0x69,0x20,0x72,0x20,0x65,0x04,0x70,0x20,0x6c,0x20,0x61,0x20,0x6e,0x20,0x65,0x20,
	0x74,0x2e,0x0a,0x0a,0x0a,0x0a,0x0e,0x50,0x20,0x75,0x20,0x72,0x20,0x73,0x20,0x75,
	0x20,0x65,0x20,0x64,0x0d,0x62,0x20,0x79,0x0c,0x74,0x20,0x68,0x20,0x65,0x0c,0x45,
	0x20,0x6d,0x20,0x70,0x20,0x69,0x20,0x72,0x20,0x65,0x20,0x27,0x20,0x73,0x0a,0x0a,
	0x0e,0x73,0x20,0x69,0x20,0x6e,0x20,0x69,0x20,0x73,0x20,0x74,0x20,0x65,0x20,0x72,
	0x0b,0x61,0x20,0x67,0x20,0x65,0x20,0x6e,0x20,0x74,0x20,0x73,0x20,0x2c,0x0c,0x50,
	0x20,0x72,0x20,0x69,0x20,0x6e,0x20,0x63,0x20,0x65,0x20,0x73,0x20,0x73,0x0a,0x0a,
	0x0e,0x4c,0x20,0x65,0x20,0x69,0x20,0x61,0x09,0x72,0x20,0x61,0x20,0x63,0x20,0x65,
	0x20,0x73,0x09,0x68,0x20,0x6f,0x20,0x6d,0x20,0x65,0x0b,0x61,0x20,0x62,0x20,0x6f,
	0x20,0x61,0x20,0x72,0x20,0x64,0x09,0x68,0x20,0x65,0x20,0x72,0x0a,0x0a,0x0e,0x73,
	0x20,0x74,0x20,0x61,0x20,0x72,0x20,0x73,0x20,0x68,0x20,0x69,0x20,0x70,0x20,0x2c,
	0x09,0x63,0x20,0x75,0x20,0x73,0x20,0x74,0x20,0x6f,0x20,0x64,0x20,0x69,0x20,0x61,
	0x20,0x6e,0x0b,0x6f,0x20,0x66,0x09,0x74,0x20,0x68,0x20,0x65,0x0a,0x0a,0x0e,0x73,
	0x20,0x74,0x20,0x6f,0x20,0x6c,0x20,0x65,0x20,0x6e,0x09,0x70,0x20,0x6c,0x20,0x61,
	0x20,0x6e,0x20,0x73,0x0b,0x74,0x20,0x68,0x20,0x61,0x20,0x74,0x09,0x63,0x20,0x61,
	0x20,0x6e,0x09,0x73,0x20,0x61,0x20,0x76,0x20,0x65,0x0a,0x0a,0x0a,0x0a,0x0e,0x50,
	0x20,0x75,0x20,0x72,0x20,0x73,0x20,0x75,0x20,0x65,0x20,0x64,0x0d,0x62,0x20,0x79,
	0x0c,0x74,0x20,0x68,0x20,0x65,0x0c,0x45,0x20,0x6d,0x20,0x70,0x20,0x69,0x20,0x72,
	0x20,0x65,0x20,0x27,0x20,0x73,0x0a,0x0a,0x0e,0x73,0x20,0x69,0x20,0x6e,0x20,0x69,
	0x20,0x73,0x20,0x74,0x20,0x65,0x20,0x72,0x0b,0x61,0x20,0x67,0x20,0x65,0x20,0x6e,
	0x20,0x74,0x20,0x73,0x20,0x2c,0x0c,0x50,0x20,0x72,0x20,0x69,0x20,0x6e,0x20,0x63,
	0x20,0x65,0x20,0x73,0x20,0x73,0x0a,0x0a,0x0e,0x4c,0x20,0x65,0x20,0x69,0x20,0x61,
	0x09,0x72,0x20,0x61,0x20,0x63,0x20,0x65,0x20,0x73,0x09,0x68,0x20,0x6f,0x20,0x6d,
	0x20,0x65,0x0b,0x61,0x20,0x62,0x20,0x6f,0x20,0x61,0x20,0x72,0x20,0x64,0x09,0x68,
	0x20,0x65,0x20,0x72,0x0a,0x0a,0x0e,0x73,0x20,0x74,0x20,0x61,0x20,0x72,0x20,0x73,
	0x20,0x68,0x20,0x69,0x20,0x70,0x20,0x2c,0x09,0x63,0x20,0x75,0x20,0x73,0x20,0x74,
	0x20,0x6f,0x20,0x64,0x20,0x69,0x20,0x61,0x20,0x6e,0x0b,0x6f,0x20,0x66,0x09,0x74,
	0x20,0x68,0x20,0x65,0x0a,0x0a,0x0e,0x73,0x20,0x74,0x20,0x6f,0x20,0x6c,0x20,0x65,
	0x20,0x6e,0x09,0x70,0x20,0x6c,0x20,0x61,0x20,0x6e,0x20,0x73,0x0b,0x74,0x20,0x68,
	0x20,0x61,0x20,0x74,0x09,0x63,0x20,0x61,0x20,0x6e,0x09,0x73,0x20,0x61,0x20,0x76,
	0x20,0x65,0x0a,0x0a,0x0a,0x0a,0x0e,0x50,0x20,0x75,0x20,0x72,0x20,0x73,0x20,0x75,
	0x20,0x65,0x20,0x64,0x0d,0x62,0x20,0x79,0x0c,0x74,0x20,0x68,0x20,0x65,0x0c,0x45,
	0x20,0x6d,0x20,0x70,0x20,0x69,0x20,0x72,0x20,0x65,0x20,0x27,0x20,0x73,0x0a,0x0a,
	0x0e,0x73,0x20,0x69,0x20,0x6e,0x20,0x69,0x20,0x73,0x20,0x74,0x20,0x65,0x20,0x72,
	0x0b,0x61,0x20,0x67,0x20,0x65,0x20,0x6e,0x20,0x74,0x20,0x73,0x20,0x2c,0x0c,0x50,
	0x20,0x72,0x20,0x69,0x20,0x6e,0x20,0x63,0x20,0x65,0x20,0x73,0x20,0x73,0x0a,0x0a,
	0x0e,0x4c,0x20,0x65,0x20,0x69,0x20,0x61,0x09,0x72,0x20,0x61,0x20,0x63,0x20,0x65,
	0x20,0x73,0x09,0x68,0x20,0x6f,0x20,0x6d,0x20,0x65,0x0b,0x61,0x20,0x62,0x20,0x6f,
	0x20,0x61,0x20,0x72,0x20,0x64,0x09,0x68,0x20,0x65,0x20,0x72,0x0a,0x0a,0x0e,0x73,
	0x20,0x74,0x20,0x61,0x20,0x72,0x20,0x73,0x20,0x68,0x20,0x69,0x20,0x70,0x20,0x2c,
	0x09,0x63,0x20,0x75,0x20,0x73,0x20,0x74,0x20,0x6f,0x20,0x64,0x20,0x69,0x20,0x61,
	0x20,0x6e,0x0b,0x6f,0x20,0x66,0x09,0x74,0x20,0x68,0x20,0x65,0x0a,0x0a,0x0e,0x73,
	0x20,0x74,0x20,0x6f,0x20,0x6c,0x20,0x65,0x20,0x6e,0x09,0x70,0x20,0x6c,0x20,0x61,
	0x20,0x6e,0x20,0x73,0x0b,0x74,0x20,0x68,0x20,0x61,0x20,0x74,0x09,0x63,0x20,0x61,
	0x20,0x6e,0x09,0x73,0x20,0x61,0x20,0x76,0x20,0x65,0x0a,0x0a,0x0e,0x68,0x20,0x65,
	0x20,0x72,0x0d,0x70,0x20,0x65,0x20,0x6f,0x20,0x70,0x20,0x6c,0x20,0x65,0x0d,0x61,
	0x20,0x6e,0x20,0x64,0x0d,0x72,0x20,0x65,0x20,0x73,0x20,0x74,0x20,0x6f,0x20,0x72,
	0x20,0x65,0x0a,0x0a,0x0e,0x50,0x20,0x75,0x20,0x72,0x20,0x73,0x20,0x75,0x20,0x65,
	0x20,0x64,0x0d,0x62,0x20,0x79,0x0c,0x74,0x20,0x68,0x20,0x65,0x0c,0x45,0x20,0x6d,
	0x20,0x70,0x20,0x69,0x20,0x72,0x20,0x65,0x20,0x27,0x20,0x73,0x0a,0x0a,0x0e,0x73,
	0x20,0x69,0x20,0x6e,0x20,0x69,0x20,0x73,0x20,0x74,0x20,0x65,0x20,0x72,0x0b,0x61,
	0x20,0x67,0x20,0x65,0x20,0x6e,0x20,0x74,0x20,0x73,0x20,0x2c,0x0c,0x50,0x20,0x72,
	0x20,0x69,0x20,0x6e,0x20,0x63,0x20,0x65,0x20,0x73,0x20,0x73,0x0a,0x0a,0x0e,0x4c,
	0x20,0x65,0x20,0x69,0x20,0x61,0x09,0x72,0x20,0x61,0x20,0x63,0x20,0x65,0x20,0x73,
	0x09,0x68,0x20,0x6f,0x20,0x6d,0x20,0x65,0x0b,0x61,0x20,0x62,0x20,0x6f,0x20,0x61,
	0x20,0x72,0x20,0x64,0x09,0x68,0x20,0x65,0x20,0x72,0x0a,0x0a,0x0e,0x73,0x20,0x74,
	0x20,0x61,0x20,0x72,0x20,0x73,0x20,0x68,0x20,0x69,0x20,0x70,0x20,0x2c,0x09,0x63,
	0x20,0x75,0x20,0x73,0x20,0x74,0x20,0x6f,0x20,0x64,0x20,0x69,0x20,0x61,0x20,0x6e,
	0x0b,0x6f,0x20,0x66,0x09,0x74,0x20,0x68,0x20,0x65,0x0a,0x0a,0x0e,0x73,0x20,0x74,
	0x20,0x6f,0x20,0x6c,0x20,0x65,0x20,0x6e,0x09,0x70,0x20,0x6c,0x20,0x61,0x20,0x6e,
	0x20,0x73,0x0b,0x74,0x20,0x68,0x20,0x61,0x20,0x74,0x09,0x63,0x20,0x61,0x20,0x6e,
	0x09,0x73,0x20,0x61,0x20,0x76,0x20,0x65,0x0a,0x0a,0x0e,0x68,0x20,0x65,0x20,0x72,
	0x0d,0x70,0x20,0x65,0x20,0x6f,0x20,0x70,0x20,0x6c,0x20,0x65,0x0d,0x61,0x20,0x6e,
	0x20,0x64,0x0d,0x72,0x20,0x65,0x20,0x73,0x20,0x74,0x20,0x6f,0x20,0x72,0x20,0x65,
	0x0a,0x0a,0x0e,0x50,0x20,0x75,0x20,0x72,0x20,0x73,0x20,0x75,0x20,0x65,0x20,0x64,
	0x0d,0x62,0x20,0x79,0x0c,0x74,0x20,0x68,0x20,0x65,0x0c,0x45,0x20,0x6d,0x20,0x70,
	0x20,0x69,0x20,0x72,0x20,0x65,0x20,0x27,0x20,0x73,0x0a,0x0a,0x0e,0x73,0x20,0x69,
	0x20,0x6e,0x20,0x69,0x20,0x73,0x20,0x74,0x20,0x65,0x20,0x72,0x0b,0x61,0x20,0x67,
	0x20,0x65,0x20,0x6e,0x20,0x74,0x20,0x73,0x20,0x2c,0x0c,0x50,0x20,0x72,0x20,0x69,
	0x20,0x6e,0x20,0x63,0x20,0x65,0x20,0x73,0x20,0x73,0x0a,0x0a,0x0e,0x4c,0x20,0x65,
	0x20,0x69,0x20,0x61,0x09,0x72,0x20,0x61,0x20,0x63,0x20,0x65,0x20,0x73,0x09,0x68,
	0x20,0x6f,0x20,0x6d,0x20,0x65,0x0b,0x61,0x20,0x62,0x20,0x6f,0x20,0x61,0x20,0x72,
	0x20,0x64,0x09,0x68,0x20,0x65,0x20,0x72,0x0a,0x0a,0x0e,0x73,0x20,0x74,0x20,0x61,
	0x20,0x72,0x20,0x73,0x20,0x68,0x20,0x69,0x20,0x70,0x20,0x2c,0x09,0x63,0x20,0x75,
	0x20,0x73,0x20,0x74,0x20,0x6f,0x20,0x64,0x20,0x69,0x20,0x61,0x20,0x6e,0x0b,0x6f,
	0x20,0x66,0x09,0x74,0x20,0x68,0x20,0x65,0x0a,0x0a,0x0e,0x73,0x20,0x74,0x20,0x6f,
	0x20,0x6c,0x20,0x65,0x20,0x6e,0x09,0x70,0x20,0x6c,0x20,0x61,0x20,0x6e,0x20,0x73,
	0x0b,0x74,0x20,0x68,0x20,0x61,0x20,0x74,0x09,0x63,0x20,0x61,0x20,0x6e,0x09,0x73,
	0x20,0x61,0x20,0x76,0x20,0x65,0x0a,0x0a,0x0e,0x68,0x20,0x65,0x20,0x72,0x0d,0x70,
	0x20,0x65,0x20,0x6f,0x20,0x70,0x20,0x6c,0x20,0x65,0x0d,0x61,0x20,0x6e,0x20,0x64,
	0x0d,0x72,0x20,0x65,0x20,0x73,0x20,0x74,0x20,0x6f,0x20,0x72,0x20,0x65,0x0a,0x0a,
	0x0e,0x66,0x20,0x72,0x20,0x65,0x20,0x65,0x20,0x64,0x20,0x6f,0x20,0x6d,0x0c,0x74,
	0x20,0x6f,0x09,0x74,0x20,0x68,0x20,0x65,0x0c,0x67,0x20,0x61,0x20,0x6c,0x20,0x61,
	0x20,0x78,0x20,0x79,0x2e,0x20,0x2e,0x20,0x2e,0x20,0x2e,0x0a,0x0a,0x0e,0x73,0x20,
	0x69,0x20,0x6e,0x20,0x69,0x20,0x73,0x20,0x74,0x20,0x65,0x20,0x72,0x0b,0x61,0x20,
	0x67,0x20,0x65,0x20,0x6e,0x20,0x74,0x20,0x73,0x20,0x2c,0x0c,0x50,0x20,0x72,0x20,
	0x69,0x20,0x6e,0x20,0x63,0x20,0x65,0x20,0x73,0x20,0x73,0x0a,0x0a,0x0e,0x4c,0x20,
	0x65,0x20,0x69,0x20,0x61,0x09,0x72,0x20,0x61,0x20,0x63,0x20,0x65,0x20,0x73,0x09,
	0x68,0x20,0x6f,0x20,0x6d,0x20,0x65,0x0b,0x61,0x20,0x62,0x20,0x6f,0x20,0x61,0x20,
	0x72,0x20,0x64,0x09,0x68,0x20,0x65,0x20,0x72,0x0a,0x0a,0x0e,0x73,0x20,0x74,0x20,
	0x61,0x20,0x72,0x20,0x73,0x20,0x68,0x20,0x69,0x20,0x70,0x20,0x2c,0x09,0x63,0x20,
	0x75,0x20,0x73,0x20,0x74,0x20,0x6f,0x20,0x64,0x20,0x69,0x20,0x61,0x20,0x6e,0x0b,
	0x6f,0x20,0x66,0x09,0x74,0x20,0x68,0x20,0x65,0x0a,0x0a,0x0e,0x73,0x20,0x74,0x20,
	0x6f,0x20,0x6c,0x20,0x65,0x20,0x6e,0x09,0x70,0x20,0x6c,0x20,0x61,0x20,0x6e,0x20,
	0x73,0x0b,0x74,0x20,0x68,0x20,0x61,0x20,0x74,0x09,0x63,0x20,0x61,0x20,0x6e,0x09,
	0x73,0x20,0x61,0x20,0x76,0x20,0x65,0x0a,0x0a,0x0e,0x68,0x20,0x65,0x20,0x72,0x0d,
	0x70,0x20,0x65,0x20,0x6f,0x20,0x70,0x20,0x6c,0x20,0x65,0x0d,0x61,0x20,0x6e,0x20,
	0x64,0x0d,0x72,0x20,0x65,0x20,0x73,0x20,0x74,0x20,0x6f,0x20,0x72,0x20,0x65,0x0a,
	0x0a,0x0e,0x66,0x20,0x72,0x20,0x65,0x20,0x65,0x20,0x64,0x20,0x6f,0x20,0x6d,0x0c,
	0x74,0x20,0x6f,0x09,0x74,0x20,0x68,0x20,0x65,0x0c,0x67,0x20,0x61,0x20,0x6c,0x20,
	0x61,0x20,0x78,0x20,0x79,0x2e,0x20,0x2e,0x20,0x2e,0x20,0x2e,0x0a,0x0a,0x0e,0x73,
	0x20,0x69,0x20,0x6e,0x20,0x69,0x20,0x73,0x20,0x74,0x20,0x65,0x20,0x72,0x0b,0x61,
	0x20,0x67,0x20,0x65,0x20,0x6e,0x20,0x74,0x20,0x73,0x20,0x2c,0x0c,0x50,0x20,0x72,
	0x20,0x69,0x20,0x6e,0x20,0x63,0x20,0x65,0x20,0x73,0x20,0x73,0x0a,0x0a,0x0e,0x4c,
	0x20,0x65,0x20,0x69,0x20,0x61,0x09,0x72,0x20,0x61,0x20,0x63,0x20,0x65,0x20,0x73,
	0x09,0x68,0x20,0x6f,0x20,0x6d,0x20,0x65,0x0b,0x61,0x20,0x62,0x20,0x6f,0x20,0x61,
	0x20,0x72,0x20,0x64,0x09,0x68,0x20,0x65,0x20,0x72,0x0a,0x0a,0x0e,0x73,0x20,0x74,
	0x20,0x61,0x20,0x72,0x20,0x73,0x20,0x68,0x20,0x69,0x20,0x70,0x20,0x2c,0x09,0x63,
	0x20,0x75,0x20,0x73,0x20,0x74,0x20,0x6f,0x20,0x64,0x20,0x69,0x20,0x61,0x20,0x6e,
	0x0b,0x6f,0x20,0x66,0x09,0x74,0x20,0x68,0x20,0x65,0x0a,0x0a,0x0e,0x73,0x20,0x74,
	0x20,0x6f,0x20,0x6c,0x20,0x65,0x20,0x6e,0x09,0x70,0x20,0x6c,0x20,0x61,0x20,0x6e,
	0x20,0x73,0x0b,0x74,0x20,0x68,0x20,0x61,0x20,0x74,0x09,0x63,0x20,0x61,0x20,0x6e,
	0x09,0x73,0x20,0x61,0x20,0x76,0x20,0x65,0x0a,0x0a,0x0e,0x68,0x20,0x65,0x20,0x72,
	0x0d,0x70,0x20,0x65,0x20,0x6f,0x20,0x70,0x20,0x6c,0x20,0x65,0x0d,0x61,0x20,0x6e,
	0x20,0x64,0x0d,0x72,0x20,0x65,0x20,0x73,0x20,0x74,0x20,0x6f,0x20,0x72,0x20,0x65,
	0x0a,0x0a,0x0e,0x66,0x20,0x72,0x20,0x65,0x20,0x65,0x20,0x64,0x20,0x6f,0x20,0x6d,
	0x0c,0x74,0x20,0x6f,0x09,0x74,0x20,0x68,0x20,0x65,0x0c,0x67,0x20,0x61,0x20,0x6c,
	0x20,0x61,0x20,0x78,0x20,0x79,0x2e,0x20,0x2e,0x20,0x2e,0x20,0x2e,0x0a,0x0a,0x0a,
	0x0a,0x0e,0x4c,0x20,0x65,0x20,0x69,0x20,0x61,0x09,0x72,0x20,0x61,0x20,0x63,0x20,
	0x65,0x20,0x73,0x09,0x68,0x20,0x6f,0x20,0x6d,0x20,0x65,0x0b,0x61,0x20,0x62,0x20,
	0x6f,0x20,0x61,0x20,0x72,0x20,0x64,0x09,0x68,0x20,0x65,0x20,0x72,0x0a,0x0a,0x0e,
	0x73,0x20,0x74,0x20,0x61,0x20,0x72,0x20,0x73,0x20,0x68,0x20,0x69,0x20,0x70,0x20,
	0x2c,0x09,0x63,0x20,0x75,0x20,0x73,0x20,0x74,0x20,0x6f,0x20,0x64,0x20,0x69,0x20,
	0x61,0x20,0x6e,0x0b,0x6f,0x20,0x66,0x09,0x74,0x20,0x68,0x20,0x65,0x0a,0x0a,0x0e,
	0x73,0x20,0x74,0x20,0x6f,0x20,0x6c,0x20,0x65,0x20,0x6e,0x09,0x70,0x20,0x6c,0x20,
	0x61,0x20,0x6e,0x20,0x73,0x0b,0x74,0x20,0x68,0x20,0x61,0x20,0x74,0x09,0x63,0x20,
	0x61,0x20,0x6e,0x09,0x73,0x20,0x61,0x20,0x76,0x20,0x65,0x0a,0x0a,0x0e,0x68,0x20,
	0x65,0x20,0x72,0x0d,0x70,0x20,0x65,0x20,0x6f,0x20,0x70,0x20,0x6c,0x20,0x65,0x0d,
	0x61,0x20,0x6e,0x20,0x64,0x0d,0x72,0x20,0x65,0x20,0x73,0x20,0x74,0x20,0x6f,0x20,
	0x72,0x20,0x65,0x0a,0x0a,0x0e,0x66,0x20,0x72,0x20,0x65,0x20,0x65,0x20,0x64,0x20,
	0x6f,0x20,0x6d,0x0c,0x74,0x20,0x6f,0x09,0x74,0x20,0x68,0x20,0x65,0x0c,0x67,0x20,
	0x61,0x20,0x6c,0x20,0x61,0x20,0x78,0x20,0x79,0x2e,0x20,0x2e,0x20,0x2e,0x20,0x2e,
	0x0a,0x0a,0x0a,0x0a,0x0e,0x4c,0x20,0x65,0x20,0x69,0x20,0x61,0x09,0x72,0x20,0x61,
	0x20,0x63,0x20,0x65,0x20,0x73,0x09,0x68,0x20,0x6f,0x20,0x6d,0x20,0x65,0x0b,0x61,
	0x20,0x62,0x20,0x6f,0x20,0x61,0x20,0x72,0x20,0x64,0x09,0x68,0x20,0x65,0x20,0x72,
	0x0a,0x0a,0x0e,0x73,0x20,0x74,0x20,0x61,0x20,0x72,0x20,0x73,0x20,0x68,0x20,0x69,
	0x20,0x70,0x20,0x2c,0x09,0x63,0x20,0x75,0x20,0x73,0x20,0x74,0x20,0x6f,0x20,0x64,
	0x20,0x69,0x20,0x61,0x20,0x6e,0x0b,0x6f,0x20,0x66,0x09,0x74,0x20,0x68,0x20,0x65,
	0x0a,0x0a,0x0e,0x73,0x20,0x74,0x20,0x6f,0x20,0x6c,0x20,0x65,0x20,0x6e,0x09,0x70,
	0x20,0x6c,0x20,0x61,0x20,0x6e,0x20,0x73,0x0b,0x74,0x20,0x68,0x20,0x61,0x20,0x74,
	0x09,0x63,0x20,0x61,0x20,0x6e,0x09,0x73,0x20,0x61,0x20,0x76,0x20,0x65,0x0a,0x0a,
	0x0e,0x68,0x20,0x65,0x20,0x72,0x0d,0x70,0x20,0x65,0x20,0x6f,0x20,0x70,0x20,0x6c,
	0x20,0x65,0x0d,0x61,0x20,0x6e,0x20,0x64,0x0d,0x72,0x20,0x65,0x20,0x73,0x20,0x74,
	0x20,0x6f,0x20,0x72,0x20,0x65,0x0a,0x0a,0x0e,0x66,0x20,0x72,0x20,0x65,0x20,0x65,
	0x20,0x64,0x20,0x6f,0x20,0x6d,0x0c,0x74,0x20,0x6f,0x09,0x74,0x20,0x68,0x20,0x65,
	0x0c,0x67,0x20,0x61,0x20,0x6c,0x20,0x61,0x20,0x78,0x20,0x79,0x2e,0x20,0x2e,0x20,
	0x2e,0x20,0x2e,0x0a,0x0a,0x0a,0x0a,0x0a,0x0a,0x0e,0x73,0x20,0x74,0x20,0x61,0x20,
	0x72,0x20,0x73,0x20,0x68,0x20,0x69,0x20,0x70,0x20,0x2c,0x09,0x63,0x20,0x75,0x20,
	0x73,0x20,0x74,0x20,0x6f,0x20,0x64,0x20,0x69,0x20,0x61,0x20,0x6e,0x0b,0x6f,0x20,
	0x66,0x09,0x74,0x20,0x68,0x20,0x65,0x0a,0x0a,0x0e,0x73,0x20,0x74,0x20,0x6f,0x20,
	0x6c,0x20,0x65,0x20,0x6e,0x09,0x70,0x20,0x6c,0x20,0x61,0x20,0x6e,0x20,0x73,0x0b,
	0x74,0x20,0x68,0x20,0x61,0x20,0x74,0x09,0x63,0x20,0x61,0x20,0x6e,0x09,0x73,0x20,
	0x61,0x20,0x76,0x20,0x65,0x0a,0x0a,0x0e,0x68,0x20,0x65,0x20,0x72,0x0d,0x70,0x20,
	0x65,0x20,0x6f,0x20,0x70,0x20,0x6c,0x20,0x65,0x0d,0x61,0x20,0x6e,0x20,0x64,0x0d,
	0x72,0x20,0x65,0x20,0x73,0x20,0x74,0x20,0x6f,0x20,0x72,0x20,0x65,0x0a,0x0a,0x0e,
	0x66,0x20,0x72,0x20,0x65,0x20,0x65,0x20,0x64,0x20,0x6f,0x20,0x6d,0x0c,0x74,0x20,
	0x6f,0x09,0x74,0x20,0x68,0x20,0x65,0x0c,0x67,0x20,0x61,0x20,0x6c,0x20,0x61,0x20,
	0x78,0x20,0x79,0x2e,0x20,0x2e,0x20,0x2e,0x20,0x2e,0x0a,0x0a,0x0a,0x0a,0x0a,0x0a,
	0x0e,0x73,0x20,0x74,0x20,0x61,0x20,0x72,0x20,0x73,0x20,0x68,0x20,0x69,0x20,0x70,
	0x20,0x2c,0x09,0x63,0x20,0x75,0x20,0x73,0x20,0x74,0x20,0x6f,0x20,0x64,0x20,0x69,
	0x20,0x61,0x20,0x6e,0x0b,0x6f,0x20,0x66,0x09,0x74,0x20,0x68,0x20,0x65,0x0a,0x0a,
	0x0e,0x73,0x20,0x74,0x20,0x6f,0x20,0x6c,0x20,0x65,0x20,0x6e,0x09,0x70,0x20,0x6c,
	0x20,0x61,0x20,0x6e,0x20,0x73,0x0b,0x74,0x20,0x68,0x20,0x61,0x20,0x74,0x09,0x63,
	0x20,0x61,0x20,0x6e,0x09,0x73,0x20,0x61,0x20,0x76,0x20,0x65,0x0a,0x0a,0x0e,0x68,
	0x20,0x65,0x20,0x72,0x0d,0x70,0x20,0x65,0x20,0x6f,0x20,0x70,0x20,0x6c,0x20,0x65,
	0x0d,0x61,0x20,0x6e,0x20,0x64,0x0d,0x72,0x20,0x65,0x20,0x73,0x20,0x74,0x20,0x6f,
	0x20,0x72,0x20,0x65,0x0a,0x0a,0x0e,0x66,0x20,0x72,0x20,0x65,0x20,0x65,0x20,0x64,
	0x20,0x6f,0x20,0x6d,0x0c,0x74,0x20,0x6f,0x09,0x74,0x20,0x68,0x20,0x65,0x0c,0x67,
	0x20,0x61,0x20,0x6c,0x20,0x61,0x20,0x78,0x20,0x79,0x2e,0x20,0x2e,0x20,0x2e,0x20,
	0x2e,0x0a,0x0a,0x0a,0x0a,0x0a,0x0a,0x0a,0x0a,0x0e,0x73,0x20,0x74,0x20,0x6f,0x20,
	0x6c,0x20,0x65,0x20,0x6e,0x09,0x70,0x20,0x6c,0x20,0x61,0x20,0x6e,0x20,0x73,0x0b,
	0x74,0x20,0x68,0x20,0x61,0x20,0x74,0x09,0x63,0x20,0x61,0x20,0x6e,0x09,0x73,0x20,
	0x61,0x20,0x76,0x20,0x65,0x0a,0x0a,0x0e,0x68,0x20,0x65,0x20,0x72,0x0d,0x70,0x20,
	0x65,0x20,0x6f,0x20,0x70,0x20,0x6c,0x20,0x65,0x0d,0x61,0x20,0x6e,0x20,0x64,0x0d,
	0x72,0x20,0x65,0x20,0x73,0x20,0x74,0x20,0x6f,0x20,0x72,0x20,0x65,0x0a,0x0a,0x0e,
	0x66,0x20,0x72,0x20,0x65,0x20,0x65,0x20,0x64,0x20,0x6f,0x20,0x6d,0x0c,0x74,0x20,
	0x6f,0x09,0x74,0x20,0x68,0x20,0x65,0x0c,0x67,0x20,0x61,0x20,0x6c,0x20,0x61,0x20,
	0x78,0x20,0x79,0x2e,0x20,0x2e,0x20,0x2e,0x20,0x2e,0x0a,0x0a,0x0a,0x0a,0x0a,0x0a,
	0x0a,0x0a,0x0e,0x73,0x20,0x74,0x20,0x6f,0x20,0x6c,0x20,0x65,0x20,0x6e,0x09,0x70,
	0x20,0x6c,0x20,0x61,0x20,0x6e,0x20,0x73,0x0b,0x74,0x20,0x68,0x20,0x61,0x20,0x74,
	0x09,0x63,0x20,0x61,0x20,0x6e,0x09,0x73,0x20,0x61,0x20,0x76,0x20,0x65,0x0a,0x0a,
	0x0e,0x68,0x20,0x65,0x20,0x72,0x0d,0x70,0x20,0x65,0x20,0x6f,0x20,0x70,0x20,0x6c,
	0x20,0x65,0x0d,0x61,0x20,0x6e,0x20,0x64,0x0d,0x72,0x20,0x65,0x20,0x73,0x20,0x74,
	0x20,0x6f,0x20,0x72,0x20,0x65,0x0a,0x0a,0x0e,0x66,0x20,0x72,0x20,0x65,0x20,0x65,
	0x20,0x64,0x20,0x6f,0x20,0x6d,0x0c,0x74,0x20,0x6f,0x09,0x74,0x20,0x68,0x20,0x65,
	0x0c,0x67,0x20,0x61,0x20,0x6c,0x20,0x61,0x20,0x78,0x20,0x79,0x2e,0x20,0x2e,0x20,
	0x2e,0x20,0x2e,0x0a,0x0a,0x0a,0x0a,0x0a,0x0a,0x0a,0x0a,0x0a,0x0a,0x0e,0x68,0x20,
	0x65,0x20,0x72,0x0d,0x70,0x20,0x65,0x20,0x6f,0x20,0x70,0x20,0x6c,0x20,0x65,0x0d,
	0x61,0x20,0x6e,0x20,0x64,0x0d,0x72,0x20,0x65,0x20,0x73,0x20,0x74,0x20,0x6f,0x20,
	0x72,0x20,0x65,0x0a,0x0a,0x0e,0x66,0x20,0x72,0x20,0x65,0x20,0x65,0x20,0x64,0x20,
	0x6f,0x20,0x6d,0x0c,0x74,0x20,0x6f,0x09,0x74,0x20,0x68,0x20,0x65,0x0c,0x67,0x20,
	0x61,0x20,0x6c,0x20,0x61,0x20,0x78,0x20,0x79,0x2e,0x20,0x2e,0x20,0x2e,0x20,0x2e,
	0x0a,0x0a,0x0a,0x0a,0x0a,0x0a,0x0a,0x0a,0x0a,0x0a,0x0e,0x68,0x20,0x65,0x20,0x72,
	0x0d,0x70,0x20,0x65,0x20,0x6f,0x20,0x70,0x20,0x6c,0x20,0x65,0x0d,0x61,0x20,0x6e,
	0x20,0x64,0x0d,0x72,0x20,0x65,0x20,0x73,0x20,0x74,0x20,0x6f,0x20,0x72,0x20,0x65,
	0x0a,0x0a,0x0e,0x66,0x20,0x72,0x20,0x65,0x20,0x65,0x20,0x64,0x20,0x6f,0x20,0x6d,
	0x0c,0x74,0x20,0x6f,0x09,0x74,0x20,0x68,0x20,0x65,0x0c,0x67,0x20,0x61,0x20,0x6c,
	0x20,0x61,0x20,0x78,0x20,0x79,0x2e,0x20,0x2e,0x20,0x2e,0x20,0x2e,0x0a,0x0a,0x0a,
	0x0a,0x0a,0x0a,0x0a,0x0a,0x0a,0x0a,0x0a,0x0a,0x0e,0x66,0x20,0x72,0x20,0x65,0x20,
	0x65,0x20,0x64,0x20,0x6f,0x20,0x6d,0x0c,0x74,0x20,0x6f,0x09,0x74,0x20,0x68,0x20,
	0x65,0x0c,0x67,0x20,0x61,0x20,0x6c,0x20,0x61,0x20,0x78,0x20,0x79,0x2e,0x20,0x2e,
	0x20,0x2e,0x20,0x2e,0x0a,0x0a,0x0a,0x0a,0x0a,0x0a,0x0a,0x0a,0x0a,0x0a,0x0a,0x0a,
	0x0e,0x66,0x20,0x72,0x20,0x65,0x20,0x65,0x20,0x64,0x20,0x6f,0x20,0x6d,0x0c,0x74,
	0x20,0x6f,0x09,0x74,0x20,0x68,0x20,0x65,0x0c,0x67,0x20,0x61,0x20,0x6c,0x20,0x61,
	0x20,0x78,0x20,0x79,0x2e,0x20,0x2e,0x20,0x2e,0x20,0x2e,0x0a,0x0a,0x0a,0x0a,0x0a,
	0x0a,0x0a,0x0a,0x0a,0x0a,0x0a,0x0a,0x0a,0x0a,0x0a,0x0a,0x0a,0x0a,0x0a,0x0a,0x0a,
	0x0a,0x0a,0x0a,0x0a,0x0a,0x04,0x2e,0x0e,0x2e,0x0e,0x2e,0x03,0x0d,0x20,0x2e,0x13,
	0x2e,0x13,0x2e,0x0a,0x03,0x18,0x20,0x2e,0x0a,0x0d,0x2e,0x0e,0x03,0x07,0x38,0x0a,
	0x13,0x03,0x0b,0x38,0x0f,0x2e,0x0c,0x2e,0x03,0x10,0x20,0x2e,0x0a,0x09,0x2e,0x0e,
	0x03,0x0d,0x38,0x0a,0x11,0x03,0x0f,0x38,0x0b,0x2e,0x03,0x11,0x20,0x2e,0x03,0x10,
	0x20,0x2e,0x0a,0x11,0x03,0x0f,0x38,0x0a,0x0f,0x2e,0x04,0x03,0x0d,0x38,0x03,0x0e,
	0x20,0x2e,0x0e,0x2e,0x0f,0x2e,0x0a,0x20,0x2e,0x11,0x03,0x0b,0x38,0x0a,0x0e,0x2e,
	0x0d,0x03,0x07,0x38,0x09,0x2e,0x12,0x2e,0x03,0x16,0x20,0x2e,0x0a,0x03,0x1d,0x20,
	0x2e,0x13,0x2e,0x03,0x16,0x20,0x2e,0x0a,0x09,0x2e,0x12,0x2e,0x03,0x27,0x20,0x2e,
	0x0a,0x0f,0x2e,0x03,0x0d,0x20,0x2e,0x03,0x0e,0x20,0x2e,0x11,0x2e,0x0a,0x03,0x18,
	0x20,0x2e,0x0a,0x0d,0x2e,0x0e,0x03,0x07,0x38,0x0a,0x13,0x03,0x0b,0x38,0x0f,0x2e,
	0x0c,0x2e,0x03,0x10,0x20,0x2e,0x0a,0x09,0x2e,0x0e,0x03,0x0d,0x38,0x0a,0x11,0x03,
	0x0f,0x38,0x0b,0x2e,0x03,0x11,0x20,0x2e,0x03,0x10,0x20,0x2e,0x0a,0x11,0x03,0x0f,
	0x38,0x0a,0x0f,0x2e,0x04,0x03,0x0d,0x38,0x03,0x0e,0x20,0x2e,0x0e,0x2e,0x0f,0x2e,
	0x0a,0x20,0x2e,0x11,0x03,0x0b,0x38,0x0a,0x0e,0x2e,0x0d,0x03,0x07,0x38,0x09,0x2e,
	0x12,0x2e,0x03,0x16,0x20,0x2e,0x0a,0x03,0x1d,0x20,0x2e,0x13,0x2e,0x03,0x16,0x20,
	0x2e,0x0a,0x09,0x2e,0x12,0x2e,0x03,0x27,0x20,0x2e,0x0a,0x0f,0x2e,0x03,0x0d,0x20,
	0x2e,0x03,0x0e,0x20,0x2e,0x11,0x2e,0x0a,0x0a,0x0c,0x2e,0x0f,0x03,0x07,0x38,0x0a,
	0x13,0x03,0x0b,0x38,0x0e,0x2e,0x0c,0x2e,0x03,0x10,0x20,0x2e,0x0a,0x09,0x2e,0x0e,
	0x03,0x0d,0x38,0x0a,0x11,0x03,0x0f,0x38,0x0b,0x2e,0x03,0x11,0x20,0x2e,0x03,0x10,
	0x20,0x2e,0x0a,0x11,0x03,0x0f,0x38,0x0a,0x0f,0x2e,0x04,0x03,0x0d,0x38,0x03,0x0e,
	0x20,0x2e,0x0e,0x2e,0x0f,0x2e,0x0a,0x20,0x2e,0x11,0x03,0x0b,0x38,0x0a,0x0e,0x2e,
	0x0d,0x03,0x07,0x38,0x09,0x2e,0x12,0x2e,0x03,0x16,0x20,0x2e,0x0a,0x03,0x1d,0x20,
	0x2e,0x13,0x2e,0x03,0x16,0x20,0x2e,0x0a,0x09,0x2e,0x12,0x2e,0x03,0x27,0x20,0x2e,
	0x0a,0x0f,0x2e,0x03,0x0d,0x20,0x2e,0x03,0x0e,0x20,0x2e,0x11,0x2e,0x0a,0x0a,0x03,
	0x11,0x20,0x2e,0x13,0x2e,0x03,0x1e,0x20,0x2e,0x0a,0x0c,0x2e,0x0f,0x03,0x07,0x38,
	0x0a,0x13,0x03,0x0b,0x38,0x0e,0x2e,0x0c,0x2e,0x03,0x10,0x20,0x2e,0x0a,0x09,0x2e,
	0x0e,0x03,0x0d,0x38,0x0a,0x11,0x03,0x0f,0x38,0x0b,0x2e,0x03,0x11,0x20,0x2e,0x03,
	0x10,0x20,0x2e,0x0a,0x11,0x03,0x0f,0x38,0x0a,0x0f,0x2e,0x04,0x03,0x0d,0x38,0x03,
	0x0e,0x20,0x2e,0x0e,0x2e,0x0f,0x2e,0x0a,0x20,0x2e,0x11,0x03,0x0b,0x38,0x0a,0x0e,
	0x2e,0x0d,0x03,0x07,0x38,0x09,0x2e,0x12,0x2e,0x03,0x16,0x20,0x2e,0x0a,0x03,0x1d,
	0x20,0x2e,0x13,0x2e,0x03,0x16,0x20,0x2e,0x0a,0x09,0x2e,0x12,0x2e,0x03,0x27,0x20,
	0x2e,0x0a,0x0f,0x2e,0x03,0x0d,0x20,0x2e,0x03,0x0e,0x20,0x2e,0x11,0x2e,0x0a,0x0a,
	0x03,0x11,0x20,0x2e,0x13,0x2e,0x0a,0x13,0x03,0x0b,0x38,0x0e,0x2e,0x0c,0x2e,0x03,
	0x10,0x20,0x2e,0x0a,0x09,0x2e,0x0e,0x03,0x0d,0x38,0x0a,0x11,0x03,0x0f,0x38,0x0b,
	0x2e,0x03,0x11,0x20,0x2e,0x03,0x10,0x20,0x2e,0x0a,0x11,0x03,0x0f,0x38,0x0a,0x0f,
	0x2e,0x04,0x03,0x0d,0x38,0x03,0x0e,0x20,0x2e,0x0e,0x2e,0x0f,0x2e,0x0a,0x20,0x2e,
	0x11,0x03,0x0b,0x38,0x0a,0x0e,0x2e,0x0d,0x03,0x07,0x38,0x09,0x2e,0x12,0x2e,0x03,
	0x16,0x20,0x2e,0x0a,0x03,0x1d,0x20,0x2e,0x13,0x2e,0x03,0x16,0x20,0x2e,0x0a,0x09,
	0x2e,0x12,0x2e,0x03,0x27,0x20,0x2e,0x0a,0x0f,0x2e,0x03,0x0d,0x20,0x2e,0x03,0x0e,
	0x20,0x2e,0x11,0x2e,0x0a,0x0a,0x03,0x11,0x20,0x2e,0x13,0x2e,0x03,0x1e,0x20,0x2e,
	0x0a,0x0a,0x09,0x2e,0x0e,0x03,0x0e,0x38,0x0a,0x11,0x03,0x10,0x38,0x0b,0x2e,0x03,
	0x11,0x20,0x2e,0x03,0x10,0x20,0x2e,0x0a,0x11,0x03,0x10,0x38,0x0a,0x0f,0x2e,0x04,
	0x03,0x0e,0x38,0x03,0x0e,0x20,0x2e,0x0e,0x2e,0x0f,0x2e,0x0a,0x20,0x2e,0x12,0x03,
	0x0a,0x38,0x0a,0x0e,0x2e,0x0e,0x03,0x06,0x38,0x09,0x2e,0x12,0x2e,0x03,0x16,0x20,
	0x2e,0x0a,0x03,0x1d,0x20,0x2e,0x13,0x2e,0x03,0x16,0x20,0x2e,0x0a,0x09,0x2e,0x12,
	0x2e,0x03,0x27,0x20,0x2e,0x0a,0x0f,0x2e,0x03,0x0d,0x20,0x2e,0x03,0x0e,0x20,0x2e,
	0x11,0x2e,0x0a,0x0a,0x03,0x11,0x20,0x2e,0x13,0x2e,0x03,0x1e,0x20,0x2e,0x0a,0x0a,
	0x0c,0x2e,0x03,0x27,0x20,0x2e,0x0a,0x11,0x03,0x10,0x38,0x0b,0x2e,0x03,0x11,0x20,
	0x2e,0x03,0x10,0x20,0x2e,0x0a,0x11,0x03,0x10,0x38,0x0a,0x0f,0x2e,0x04,0x03,0x0e,
	0x38,0x03,0x0e,0x20,0x2e,0x0e,0x2e,0x0f,0x2e,0x0a,0x20,0x2e,0x12,0x03,0x0a,0x38,
	0x0a,0x0e,0x2e,0x0e,0x03,0x06,0x38,0x09,0x2e,0x12,0x2e,0x03,0x16,0x20,0x2e,0x0a,
	0x03,0x1d,0x20,0x2e,0x13,0x2e,0x03,0x16,0x20,0x2e,0x0a,0x09,0x2e,0x12,0x2e,0x03,
	0x27,0x20,0x2e,0x0a,0x0f,0x2e,0x03,0x0d,0x20,0x2e,0x03,0x0e,0x20,0x2e,0x11,0x2e,
	0x0a,0x0a,0x03,0x11,0x20,0x2e,0x13,0x2e,0x03,0x1e,0x20,0x2e,0x0a,0x0a,0x0c,0x2e,
	0x03,0x27,0x20,0x2e,0x0a,0x0a,0x11,0x03,0x10,0x38,0x0a,0x0f,0x2e,0x04,0x03,0x0e,
	0x38,0x03,0x0e,0x20,0x2e,0x0e,0x2e,0x0f,0x2e,0x0a,0x20,0x2e,0x12,0x03,0x0a,0x38,
	0x0a,0x0e,0x2e,0x0e,0x03,0x06,0x38,0x09,0x2e,0x12,0x2e,0x03,0x16,0x20,0x2e,0x0a,
	0x03,0x1d,0x20,0x2e,0x13,0x2e,0x03,0x16,0x20,0x2e,0x0a,0x09,0x2e,0x12,0x2e,0x03,
	0x27,0x20,0x2e,0x0a,0x0f,0x2e,0x03,0x0d,0x20,0x2e,0x03,0x0e,0x20,0x2e,0x11,0x2e,
	0x0a,0x0a,0x03,0x11,0x20,0x2e,0x13,0x2e,0x03,0x1e,0x20,0x2e,0x0a,0x0a,0x0c,0x2e,
	0x03,0x27,0x20,0x2e,0x0a,0x0a,0x0a,0x0f,0x2e,0x04,0x03,0x0e,0x38,0x03,0x0e,0x20,
	0x2e,0x0e,0x2e,0x0f,0x2e,0x0a,0x20,0x2e,0x12,0x03,0x0a,0x38,0x0a,0x0e,0x2e,0x0e,
	0x03,0x06,0x38,0x09,0x2e,0x12,0x2e,0x03,0x16,0x20,0x2e,0x0a,0x03,0x1d,0x20,0x2e,
	0x13,0x2e,0x03,0x16,0x20,0x2e,0x0a,0x09,0x2e,0x12,0x2e,0x03,0x27,0x20,0x2e,0x0a,
	0x0f,0x2e,0x03,0x0d,0x20,0x2e,0x03,0x0e,0x20,0x2e,0x11,0x2e,0x0a,0x0a,0x03,0x11,
	0x20,0x2e,0x13,0x2e,0x03,0x1e,0x20,0x2e,0x0a,0x0a,0x0c,0x2e,0x03,0x27,0x20,0x2e,
	0x0a,0x0a,0x0a,0x0a,0x20,0x2e,0x12,0x03,0x0a,0x38,0x0a,0x0e,0x2e,0x0e,0x03,0x06,
	0x38,0x09,0x2e,0x12,0x2e,0x03,0x16,0x20,0x2e,0x0a,0x03,0x1d,0x20,0x2e,0x13,0x2e,
	0x03,0x16,0x20,0x2e,0x0a,0x09,0x2e,0x12,0x2e,0x03,0x27,0x20,0x2e,0x0a,0x0f,0x2e,
	0x03,0x0d,0x20,0x2e,0x03,0x0e,0x20,0x2e,0x11,0x2e,0x0a,0x0a,0x03,0x11,0x20,0x2e,
	0x13,0x2e,0x03,0x1e,0x20,0x2e,0x0a,0x0a,0x0c,0x2e,0x03,0x27,0x20,0x2e,0x0a,0x0a,
	0x0a,0x0a,0x0a,0x0e,0x2e,0x0e,0x03,0x06,0x38,0x09,0x2e,0x12,0x2e,0x03,0x16,0x20,
	0x2e,0x0a,0x03,0x1d,0x20,0x2e,0x13,0x2e,0x03,0x16,0x20,0x2e,0x0a,0x09,0x2e,0x12,
	0x2e,0x03,0x27,0x20,0x2e,0x0a,0x0f,0x2e,0x03,0x0d,0x20,0x2e,0x03,0x0e,0x20,0x2e,
	0x11,0x2e,0x0a,0x0a,0x03,0x11,0x20,0x2e,0x13,0x2e,0x03,0x1e,0x20,0x2e,0x0a,0x0a,
	0x0c,0x2e,0x03,0x27,0x20,0x2e,0x0a,0x0a,0x0a,0x0a,0x0a,0x0a,0x03,0x1d,0x20,0x2e,
	0x13,0x2e,0x03,0x16,0x20,0x2e,0x0a,0x09,0x2e,0x12,0x2e,0x03,0x27,0x20,0x2e,0x0a,
	0x0f,0x2e,0x03,0x0d,0x20,0x2e,0x03,0x0e,0x20,0x2e,0x11,0x2e,0x0a,0x0a,0x03,0x11,
	0x20,0x2e,0x13,0x2e,0x03,0x1e,0x20,0x2e,0x0a,0x0a,0x0c,0x2e,0x03,0x27,0x20,0x2e,
	0x0a,0x0a,0x0a,0x0a,0x0a,0x0a,0x0a,0x09,0x2e,0x12,0x2e,0x03,0x27,0x20,0x2e,0x0a,
	0x0f,0x2e,0x03,0x0d,0x20,0x2e,0x03,0x0e,0x20,0x2e,0x11,0x2e,0x0a,0x0a,0x03,0x11,
	0x20,0x2e,0x13,0x2e,0x03,0x1e,0x20,0x2e,0x0a,0x0a,0x0c,0x2e,0x03,0x27,0x20,0x2e,
	0x0a,0x0a,0x0a,0x0a,0x0a,0x0a,0x0a,0x0a,0x0f,0x2e,0x03,0x0d,0x20,0x2e,0x03,0x0e,
	0x20,0x2e,0x11,0x2e,0x0a,0x0a,0x03,0x11,0x20,0x2e,0x13,0x2e,0x03,0x1e,0x20,0x2e,
	0x0a,0x0a,0x0c,0x2e,0x03,0x27,0x20,0x2e,0x0a,0x0a,0x0a,0x0a,0x0a,0x0a,0x0a,0x0a,
	0x0a,0x03,0x11,0x20,0x2e,0x13,0x2e,0x03,0x1e,0x20,0x2e,0x0a,0x0a,0x0c,0x2e,0x03,
	0x27,0x20,0x2e,0x0a,0x0a,0x0a,0x0a,0x0a,0x0a,0x0a,0x0a,0x0a,0x0a,0x0a,0x0a,0x0c,
	0x2e,0x03,0x27,0x20,0x2e,0x0a,0x0a,0x0a,0x0a,0x0a,0x0a,0x0a,0x0a,0x0a,0x0a,0x0a,
	0x0a,0x0c,0x2e,0x03,0x27,0x20,0x2e,0x0a,0x0a,0x0a,0x0a,0x0a,0x0a,0x0a,0x0a,0x0a,
	0x0a,0x0a,0x0a,0x0a,0x0a,0x0a,0x0a,0x0a,0x0a,0x0a,0x0a,0x0a,0x0a,0x0a,0x0a,0x0a,
	0x0a,0x0a,0x0a,0x0a,0x0a,0x0a,0x0a,0x0a,0x0a,0x0a,0x03,0x42,0x20,0x4f,0x0a,0x0a,
	0x0a,0x0a,0x0a,0x0a,0x0a,0x0a,0x0a,0x0a,0x0a,0x0a,0x0a,0x03,0x41,0x20,0x4f,0x3d,
	0x0a,0x0a,0x0a,0x0a,0x0a,0x0a,0x0a,0x0a,0x0a,0x0a,0x0a,0x0a,0x0a,0x03,0x40,0x20,
	0x4f,0x3d,0x3c,0x0a,0x0a,0x0a,0x0a,0x0a,0x0a,0x0a,0x0a,0x0a,0x0a,0x0a,0x0a,0x0a,
	0x03,0x3f,0x20,0x4f,0x3d,0x3c,0x38,0x0a,0x0a,0x0a,0x0a,0x0a,0x0a,0x0a,0x0a,0x0a,
	0x0a,0x0a,0x0a,0x0a,0x03,0x3e,0x20,0x4f,0x3d,0x3c,0x38,0x38,0x0a,0x0a,0x0a,0x0a,
	0x0a,0x0a,0x0a,0x0a,0x0a,0x0a,0x0a,0x0a,0x0a,0x03,0x3d,0x20,0x4f,0x3d,0x3c,0x38,
	0x38,0x3e,0x0a,0x0a,0x0a,0x0a,0x0a,0x0a,0x0a,0x0a,0x0a,0x0a,0x0a,0x0a,0x0a,0x03,
	0x3c,0x20,0x4f,0x3d,0x3c,0x38,0x38,0x3e,0x3d,0x0a,0x0a,0x0a,0x0a,0x0a,0x0a,0x0a,
	0x0a,0x0a,0x0a,0x0a,0x0a,0x0a,0x03,0x3b,0x20,0x4f,0x3d,0x3c,0x38,0x38,0x3e,0x3d,
	0x4f,0x0a,0x0a,0x0a,0x0a,0x0a,0x0a,0x0a,0x0a,0x0a,0x0a,0x0a,0x0a,0x0a,0x03,0x3a,
	0x20,0x4f,0x3d,0x3c,0x38,0x38,0x3e,0x3d,0x4f,0x3c,0x0a,0x0a,0x0a,0x0a,0x0a,0x0a,
	0x0a,0x0a,0x0a,0x0a,0x0a,0x0a,0x0a,0x03,0x39,0x20,0x4f,0x3d,0x3c,0x38,0x38,0x3e,
	0x3d,0x4f,0x3c,0x45,0x0a,0x0a,0x0a,0x0a,0x0a,0x0a,0x0a,0x0a,0x0a,0x0a,0x0a,0x0a,
	0x0a,0x03,0x38,0x20,0x4f,0x3d,0x3c,0x38,0x38,0x3e,0x3d,0x4f,0x3c,0x45,0x0a,0x0a,
	0x0a,0x0a,0x0a,0x0a,0x0a,0x0a,0x0a,0x0a,0x0a,0x0a,0x0a,0x03,0x37,0x20,0x4f,0x3d,
	0x3c,0x38,0x38,0x3e,0x3d,0x4f,0x3c,0x45,0x0a,0x0a,0x0a,0x0a,0x0a,0x0a,0x0a,0x0a,
	0x0a,0x0a,0x0a,0x0a,0x0a,0x03,0x36,0x20,0x4f,0x3d,0x3c,0x38,0x38,0x3e,0x3d,0x4f,
	0x3c,0x45,0x0a,0x0a,0x0a,0x0a,0x0a,0x0a,0x0a,0x0a,0x0a,0x0a,0x0a,0x0a,0x0a,0x03,
	0x35,0x20,0x4f,0x3d,0x3c,0x38,0x38,0x3e,0x3d,0x4f,0x3c,0x45,0x0a,0x0a,0x0a,0x0a,
	0x0a,0x0a,0x0a,0x0a,0x0a,0x0a,0x0a,0x0a,0x0a,0x03,0x34,0x20,0x4f,0x3d,0x3c,0x38,
	0x38,0x3e,0x3d,0x4f,0x3c,0x45,0x0a,0x0a,0x0a,0x0a,0x0a,0x0a,0x0a,0x0a,0x0a,0x0a,
	0x0a,0x0a,0x0a,0x03,0x33,0x20,0x4f,0x3d,0x3c,0x38,0x38,0x3e,0x3d,0x4f,0x3c,0x45,
	0x0a,0x0a,0x0a,0x0a,0x0a,0x0a,0x0a,0x0a,0x0a,0x0a,0x0a,0x0a,0x0a,0x03,0x32,0x20,
	0x4f,0x3d,0x3c,0x38,0x38,0x3e,0x3d,0x4f,0x3c,0x45,0x0a,0x0a,0x0a,0x0a,0x0a,0x0a,
	0x0a,0x0a,0x0a,0x0a,0x0a,0x0a,0x0a,0x03,0x31,0x20,0x4f,0x3d,0x3c,0x38,0x38,0x3e,
	0x3d,0x4f,0x3c,0x45,0x0a,0x0a,0x0a,0x0a,0x0a,0x0a,0x0a,0x0a,0x0a,0x0a,0x0a,0x0a,
	0x0a,0x03,0x30,0x20,0x4f,0x3d,0x3c,0x38,0x38,0x3e,0x3d,0x4f,0x3c,0x45,0x0a,0x0a,
	0x0a,0x0a,0x0a,0x0a,0x0a,0x0a,0x0a,0x0a,0x0a,0x0a,0x0a,0x03,0x2f,0x20,0x4f,0x3d,
	0x3c,0x38,0x38,0x3e,0x3d,0x4f,0x3c,0x45,0x0a,0x0a,0x0a,0x0a,0x0a,0x0a,0x0a,0x0a,
	0x0a,0x0a,0x0a,0x0a,0x0a,0x03,0x2e,0x20,0x4f,0x3d,0x3c,0x38,0x38,0x3e,0x3d,0x4f,
	0x3c,0x45,0x0a,0x0a,0x0a,0x0a,0x0a,0x0a,0x0a,0x0a,0x0a,0x0a,0x0a,0x0a,0x0a,0x03,
	0x2d,0x20,0x4f,0x3d,0x3c,0x38,0x38,0x3e,0x3d,0x4f,0x3c,0x45,0x0a,0x0a,0x0a,0x0a,
	0x00};
